timestamp,position_lat,position_long,altitude,distance,speed,cycle_length,cycle_length.1,Wind speed,Wind Direction,Weather,Precipitation,temperature
2023-07-06T09:04:23,53.3854425,-6.256422,56.8,0.0,9.709,65535,18,16.9,S,Cloudy,0,16
2023-07-06T09:04:24,53.385428,-6.2564401,56.8,6.28,10.087,65535,18,16.9,S,Cloudy,0,16
2023-07-06T09:04:25,53.3854278,-6.25647,56.8,10.47,10.364,65535,18,16.9,S,Cloudy,0,16
2023-07-06T09:04:26,53.3854375,-6.256515,56.8,14.66,10.742,65535,18,16.9,S,Cloudy,0,16
2023-07-06T09:04:27,53.3854481,-6.2565585,56.8,18.85,11.56,65535,18,16.9,S,Cloudy,0,16
2023-07-06T09:04:28,53.3854651,-6.2565958,56.8,18.85,12.269,65535,18,16.9,S,Cloudy,0,16
2023-07-06T09:04:29,53.3854823,-6.2566353,57.0,27.23,13.604,65535,18,16.9,S,Cloudy,0,16
2023-07-06T09:04:30,53.3854966,-6.2566743,57.0,31.42,14.177,65535,18,16.9,S,Cloudy,0,16
2023-07-06T09:04:31,53.3855061,-6.256707,57.0,35.61,14.623,65535,18,16.9,S,Cloudy,0,16
2023-07-06T09:04:32,53.3855128,-6.256739,57.2,37.7,14.148,65535,18,16.9,S,Cloudy,0,16
2023-07-06T09:04:33,53.3855281,-6.2567525,57.2,41.89,13.55,65535,18,16.9,S,Cloudy,0,16
2023-07-06T09:04:34,53.3855323,-6.2567755,57.4,43.98,12.802,65535,18,16.9,S,Cloudy,0,16
2023-07-06T09:04:35,53.385542,-6.2567981,57.4,48.17,12.002,65535,18,16.9,S,Cloudy,0,16
2023-07-06T09:04:36,53.3855485,-6.2568078,57.4,50.26,11.3,65535,18,16.9,S,Cloudy,0,16
2023-07-06T09:04:37,53.385558,-6.2568005,57.6,52.35,10.757,65535,18,16.9,S,Cloudy,0,16
2023-07-06T09:04:38,53.3855678,-6.2567918,57.4,56.54,10.397,65535,18,16.9,S,Cloudy,0,16
2023-07-06T09:04:39,53.3855823,-6.256767,57.4,58.63,10.156,65535,18,16.9,S,Cloudy,0,16
2023-07-06T09:04:40,53.385598,-6.2567413,57.4,60.72,10.033,65535,18,16.9,S,Cloudy,0,16
2023-07-06T09:04:41,53.3856041,-6.2567095,57.2,64.91,10.033,65535,18,16.9,S,Cloudy,0,16
2023-07-06T09:04:42,53.3856205,-6.2566825,57.2,67.0,10.08,65535,18,16.9,S,Cloudy,0,16
2023-07-06T09:04:43,53.3856285,-6.2566583,57.2,67.0,10.102,65535,18,16.9,S,Cloudy,0,16
2023-07-06T09:04:44,53.385637,-6.2566303,57.2,71.19,10.026,65535,18,16.9,S,Cloudy,0,16
2023-07-06T09:04:45,53.385658,-6.2566098,57.2,73.28,9.958,65535,18,16.9,S,Cloudy,0,16
2023-07-06T09:04:46,53.3856903,-6.2565991,57.2,75.37,9.77,65535,18,16.9,S,Cloudy,0,16
2023-07-06T09:04:47,53.3857221,-6.2565816,57.2,79.56,9.544,65535,18,16.9,S,Cloudy,0,16
2023-07-06T09:04:48,53.3857441,-6.2565601,57.0,83.75,9.331,65535,18,16.9,S,Cloudy,0,16
2023-07-06T09:04:49,53.3857661,-6.2565488,57.0,85.84,9.256,65535,18,16.9,S,Cloudy,0,16
2023-07-06T09:04:50,53.3857745,-6.2565348,57.0,90.03,9.439,65535,18,16.9,S,Cloudy,0,16
2023-07-06T09:04:51,53.385785,-6.256511,56.8,92.12,9.839,65535,18,16.9,S,Cloudy,0,16
2023-07-06T09:04:52,53.3857956,-6.2564878,56.8,92.12,10.206,65535,18,16.9,S,Cloudy,0,16
2023-07-06T09:04:53,53.3857938,-6.2564493,56.6,96.31,10.501,65535,18,16.9,S,Cloudy,0,16
2023-07-06T09:04:54,53.3857973,-6.2564276,56.4,100.5,10.472,65535,18,16.9,S,Cloudy,0,16
2023-07-06T09:04:55,53.385797,-6.2564025,56.4,102.59,10.35,65535,18,16.9,S,Cloudy,0,16
2023-07-06T09:04:56,53.3857891,-6.2563603,56.2,106.78,10.163,65535,18,16.9,S,Cloudy,0,16
2023-07-06T09:04:57,53.3857818,-6.2563255,56.2,108.87,10.213,65535,18,16.9,S,Cloudy,0,16
2023-07-06T09:04:58,53.385778,-6.2562773,56.2,108.87,10.35,65535,18,16.9,S,Cloudy,0,16
2023-07-06T09:04:59,53.3857726,-6.2562208,56.0,117.25,10.886,65535,18,16.9,S,Cloudy,0,16
2023-07-06T09:05:00,53.3857711,-6.256165,56.0,121.44,11.376,65535,18,16.9,S,Cloudy,0,16
2023-07-06T09:05:01,53.3857498,-6.256101,55.8,125.63,12.161,65535,18,16.9,S,Cloudy,0,16
2023-07-06T09:05:02,53.3857321,-6.2560431,55.8,129.82,13.277,65535,18,16.9,S,Cloudy,0,16
2023-07-06T09:05:03,53.3857178,-6.2559846,55.8,136.1,14.908,65535,18,16.9,S,Cloudy,0,16
2023-07-06T09:05:04,53.3857036,-6.2559293,56.0,138.19,15.948,65535,18,16.9,S,Cloudy,0,16
2023-07-06T09:05:05,53.3856893,-6.2558836,56.0,142.38,15.966,65535,18,16.9,S,Cloudy,0,16
2023-07-06T09:05:06,53.385674,-6.2558396,56.0,146.57,15.005,65535,18,16.9,S,Cloudy,0,16
2023-07-06T09:05:07,53.38566,-6.2557926,56.2,150.76,14.123,65535,18,16.9,S,Cloudy,0,16
2023-07-06T09:05:08,53.3856523,-6.2557433,56.2,152.85,13.345,65535,18,16.9,S,Cloudy,0,16
2023-07-06T09:05:09,53.3856425,-6.255697,56.2,157.04,12.802,65535,18,16.9,S,Cloudy,0,16
2023-07-06T09:05:10,53.3856291,-6.2556545,56.4,159.13,12.373,65535,18,16.9,S,Cloudy,0,16
2023-07-06T09:05:11,53.385614,-6.2556116,56.4,159.13,12.118,65535,18,16.9,S,Cloudy,0,16
2023-07-06T09:05:12,53.385599,-6.2555698,56.4,165.41,11.858,65535,18,16.9,S,Cloudy,0,16
2023-07-06T09:05:13,53.3855806,-6.255524,56.4,169.6,11.707,65535,18,16.9,S,Cloudy,0,16
2023-07-06T09:05:14,53.3855611,-6.2554726,56.4,169.6,11.549,65535,18,16.9,S,Cloudy,0,16
2023-07-06T09:05:15,53.3855426,-6.2554225,56.4,177.98,12.01,65535,18,16.9,S,Cloudy,0,16
2023-07-06T09:05:16,53.3855208,-6.2553755,56.2,182.17,12.751,65535,18,16.9,S,Cloudy,0,16
2023-07-06T09:05:17,53.3855003,-6.2553321,56.0,182.17,13.482,65535,18,16.9,S,Cloudy,0,16
2023-07-06T09:05:18,53.3854795,-6.2552935,56.0,188.45,13.558,65535,18,16.9,S,Cloudy,0,16
2023-07-06T09:05:19,53.3854621,-6.255253,55.8,190.54,13.158,65535,18,16.9,S,Cloudy,0,16
2023-07-06T09:05:20,53.3854503,-6.2552118,55.8,194.73,12.636,65535,18,16.9,S,Cloudy,0,16
2023-07-06T09:05:21,53.3854396,-6.2551688,56.0,194.73,12.305,65535,18,16.9,S,Cloudy,0,16
2023-07-06T09:05:22,53.3854398,-6.255117,56.4,201.01,11.912,65535,18,16.9,S,Cloudy,0,16
2023-07-06T09:05:23,53.3854475,-6.2550615,56.6,205.2,11.603,65535,18,16.9,S,Cloudy,0,16
2023-07-06T09:05:24,53.3854648,-6.2550158,56.6,207.29,11.34,65535,18,16.9,S,Cloudy,0,16
2023-07-06T09:05:25,53.3854721,-6.2549648,56.6,211.48,11.416,65535,18,16.9,S,Cloudy,0,16
2023-07-06T09:05:26,53.3854698,-6.2549108,56.6,213.57,11.61,65535,18,16.9,S,Cloudy,0,16
2023-07-06T09:05:27,53.3854588,-6.2548658,56.2,217.76,11.725,65535,18,16.9,S,Cloudy,0,16
2023-07-06T09:05:28,53.3854446,-6.2548216,55.8,219.85,11.718,65535,18,16.9,S,Cloudy,0,16
2023-07-06T09:05:29,53.3854288,-6.2547665,55.8,224.04,11.617,65535,18,16.9,S,Cloudy,0,16
2023-07-06T09:05:30,53.3854125,-6.2547021,55.8,228.23,11.657,65535,18,16.9,S,Cloudy,0,16
2023-07-06T09:05:31,53.3853978,-6.2546321,55.8,234.51,11.995,65535,18,16.9,S,Cloudy,0,16
2023-07-06T09:05:32,53.3853873,-6.2545645,55.8,238.7,13.151,65535,18,16.9,S,Cloudy,0,16
2023-07-06T09:05:33,53.3853758,-6.2545005,55.8,242.89,14.796,65535,18,16.9,S,Cloudy,0,16
2023-07-06T09:05:34,53.3853653,-6.2544396,55.8,247.08,16.099,65535,18,16.9,S,Cloudy,0,16
2023-07-06T09:05:35,53.3853575,-6.2543823,55.8,251.27,16.312,65535,18,16.9,S,Cloudy,0,16
2023-07-06T09:05:36,53.385344,-6.2543313,55.6,255.46,15.512,65535,18,16.9,S,Cloudy,0,16
2023-07-06T09:05:37,53.3853271,-6.2542786,55.6,257.55,14.584,65535,18,16.9,S,Cloudy,0,16
2023-07-06T09:05:38,53.3853086,-6.254224,55.6,261.74,13.846,65535,18,16.9,S,Cloudy,0,16
2023-07-06T09:05:39,53.3852883,-6.2541735,55.6,265.93,13.626,65535,18,16.9,S,Cloudy,0,16
2023-07-06T09:05:40,53.3852668,-6.2541226,55.6,270.12,13.813,65535,18,16.9,S,Cloudy,0,16
2023-07-06T09:05:41,53.3852455,-6.2540661,55.4,274.31,14.177,65535,18,16.9,S,Cloudy,0,16
2023-07-06T09:05:42,53.3852216,-6.2540056,55.2,280.59,14.508,65535,18,16.9,S,Cloudy,0,16
2023-07-06T09:05:43,53.3852011,-6.2539488,55.0,284.78,15.023,65535,17,16.9,S,Cloudy,0,16
2023-07-06T09:05:44,53.3851836,-6.2539031,55.0,286.87,15.548,65535,17,16.9,S,Cloudy,0,16
2023-07-06T09:05:45,53.3851671,-6.2538661,55.0,286.87,15.988,65535,17,16.9,S,Cloudy,0,16
2023-07-06T09:05:46,53.3851531,-6.2538366,55.0,293.15,15.966,65535,17,16.9,S,Cloudy,0,16
2023-07-06T09:05:47,53.3851393,-6.2538186,55.2,293.15,15.844,65535,17,16.9,S,Cloudy,0,16
2023-07-06T09:05:48,53.3851268,-6.25381,55.2,297.34,14.645,65535,17,16.9,S,Cloudy,0,16
2023-07-06T09:05:49,53.3851158,-6.2538026,55.2,299.43,13.075,65535,17,16.9,S,Cloudy,0,16
2023-07-06T09:05:50,53.3851055,-6.2537976,55.2,299.43,11.498,65535,17,16.9,S,Cloudy,0,16
2023-07-06T09:05:51,53.3850945,-6.2537991,55.2,303.62,10.055,65535,17,16.9,S,Cloudy,0,16
2023-07-06T09:05:52,53.3850861,-6.2538015,55.2,303.62,9.104,65535,17,16.9,S,Cloudy,0,16
2023-07-06T09:05:53,53.3850853,-6.2538,55.2,305.71,7.801,65535,17,16.9,S,Cloudy,0,16
2023-07-06T09:05:54,53.3850878,-6.2537933,55.4,305.71,7.452,65535,17,16.9,S,Cloudy,0,16
2023-07-06T09:05:55,53.3850888,-6.2537925,55.8,305.71,7.106,65535,17,16.9,S,Cloudy,0,16
2023-07-06T09:05:56,53.3850898,-6.253792,56.0,305.71,7.106,65535,17,16.9,S,Cloudy,0,16
2023-07-06T09:05:57,53.385091,-6.2537911,56.0,305.71,7.106,65535,17,16.9,S,Cloudy,0,16
2023-07-06T09:05:58,53.3850925,-6.2537893,55.8,305.71,0.0,65535,17,16.9,S,Cloudy,0,16
2023-07-06T09:05:59,53.3850936,-6.253788,55.8,305.71,0.0,65535,17,16.9,S,Cloudy,0,16
2023-07-06T09:06:17,53.3850868,-6.25377,55.8,305.71,0.0,65535,17,16.9,S,Cloudy,0,16
2023-07-06T09:06:18,53.3850803,-6.2537641,56.0,307.8,1.998,65535,17,16.9,S,Cloudy,0,16
2023-07-06T09:06:19,53.3850643,-6.253739,55.8,311.99,4.918,65535,17,16.9,S,Cloudy,0,16
2023-07-06T09:06:20,53.3850468,-6.2537115,55.8,314.08,7.87,65535,17,16.9,S,Cloudy,0,16
2023-07-06T09:06:21,53.3850256,-6.25367,55.8,318.27,9.007,65535,17,16.9,S,Cloudy,0,16
2023-07-06T09:06:22,53.3850018,-6.2536126,55.6,322.46,9.972,65535,17,16.9,S,Cloudy,0,16
2023-07-06T09:06:23,53.384975,-6.2535471,55.4,326.65,11.549,65535,17,16.9,S,Cloudy,0,16
2023-07-06T09:06:24,53.3849465,-6.2534801,55.2,332.93,13.957,65535,17,16.9,S,Cloudy,0,16
2023-07-06T09:06:25,53.3849165,-6.2534111,55.0,332.93,15.61,65535,17,16.9,S,Cloudy,0,16
2023-07-06T09:06:26,53.3848886,-6.2533395,54.6,343.41,17.618,65535,17,16.9,S,Cloudy,0,16
2023-07-06T09:06:27,53.3848626,-6.2532671,54.2,349.69,18.666,65535,17,16.9,S,Cloudy,0,16
2023-07-06T09:06:28,53.3848326,-6.2532065,53.4,355.97,19.753,65535,17,16.9,S,Cloudy,0,16
2023-07-06T09:06:29,53.3847953,-6.2531665,52.8,355.97,19.85,65535,17,16.9,S,Cloudy,0,16
2023-07-06T09:06:30,53.3847551,-6.2531428,52.4,364.35,19.361,65535,17,16.9,S,Cloudy,0,16
2023-07-06T09:06:31,53.3847116,-6.2531296,52.4,370.63,18.68,65535,17,16.9,S,Cloudy,0,16
2023-07-06T09:06:32,53.3846666,-6.2531251,52.4,370.63,17.993,65535,17,16.9,S,Cloudy,0,16
2023-07-06T09:06:33,53.3846165,-6.253128,52.4,381.11,17.91,65535,17,16.9,S,Cloudy,0,16
2023-07-06T09:06:34,53.3845608,-6.2531316,52.4,387.39,18.5,65535,17,16.9,S,Cloudy,0,16
2023-07-06T09:06:35,53.3845031,-6.2531368,52.2,393.67,19.822,65535,17,16.9,S,Cloudy,0,16
2023-07-06T09:06:36,53.3844443,-6.2531475,52.0,399.95,21.42,65535,17,16.9,S,Cloudy,0,16
2023-07-06T09:06:37,53.3843855,-6.2531626,51.8,399.95,22.514,65535,17,16.9,S,Cloudy,0,16
2023-07-06T09:06:38,53.3843275,-6.2531743,51.6,412.52,23.094,65535,17,16.9,S,Cloudy,0,16
2023-07-06T09:06:39,53.3842705,-6.2531876,51.6,418.8,23.202,65535,17,16.9,S,Cloudy,0,16
2023-07-06T09:06:40,53.3842133,-6.2532025,51.6,425.08,23.231,65535,17,16.9,S,Cloudy,0,16
2023-07-06T09:06:41,53.3841553,-6.2532136,51.4,425.08,23.036,65535,17,16.9,S,Cloudy,0,16
2023-07-06T09:06:42,53.384098,-6.2532216,51.2,439.75,23.094,65535,17,16.9,S,Cloudy,0,16
2023-07-06T09:06:43,53.3840425,-6.2532291,51.0,446.03,23.036,65535,17,16.9,S,Cloudy,0,16
2023-07-06T09:06:44,53.3839881,-6.2532416,50.8,446.03,22.99,65535,17,16.9,S,Cloudy,0,16
2023-07-06T09:06:45,53.3839333,-6.2532565,50.6,456.51,22.514,65535,17,16.9,S,Cloudy,0,16
2023-07-06T09:06:46,53.383878,-6.2532713,50.8,462.79,22.219,65535,17,16.9,S,Cloudy,0,16
2023-07-06T09:06:47,53.3838216,-6.2532903,51.0,469.07,21.985,65535,17,16.9,S,Cloudy,0,16
2023-07-06T09:06:48,53.3837656,-6.2533145,51.2,477.45,22.212,65535,17,16.9,S,Cloudy,0,16
2023-07-06T09:06:49,53.3837108,-6.2533485,51.8,477.45,22.446,65535,17,16.9,S,Cloudy,0,16
2023-07-06T09:06:50,53.3836578,-6.2533955,52.6,490.02,22.907,65535,17,16.9,S,Cloudy,0,16
2023-07-06T09:06:51,53.3836076,-6.2534476,53.2,496.3,23.314,65535,17,16.9,S,Cloudy,0,16
2023-07-06T09:06:52,53.3835585,-6.2534963,53.4,502.58,23.645,65535,17,16.9,S,Cloudy,0,16
2023-07-06T09:06:53,53.3835101,-6.2535503,53.6,502.58,23.699,65535,17,16.9,S,Cloudy,0,16
2023-07-06T09:06:54,53.3834718,-6.2536228,53.6,515.15,23.418,65535,17,16.9,S,Cloudy,0,16
2023-07-06T09:06:55,53.3834495,-6.2537101,53.8,523.53,23.458,65535,17,16.9,S,Cloudy,0,16
2023-07-06T09:06:56,53.3834443,-6.2538035,53.8,523.53,23.494,65535,17,16.9,S,Cloudy,0,16
2023-07-06T09:06:57,53.3834563,-6.2538946,54.0,536.1,23.548,65535,17,16.9,S,Cloudy,0,16
2023-07-06T09:06:58,53.3834821,-6.2539801,54.2,542.38,23.404,65535,17,16.9,S,Cloudy,0,16
2023-07-06T09:06:59,53.3835121,-6.2540633,54.2,548.66,23.278,65535,17,16.9,S,Cloudy,0,16
2023-07-06T09:07:00,53.3835433,-6.2541448,54.2,554.94,23.278,65535,17,16.9,S,Cloudy,0,16
2023-07-06T09:07:01,53.3835745,-6.2542265,54.2,561.22,23.224,65535,17,16.9,S,Cloudy,0,16
2023-07-06T09:07:02,53.3836075,-6.2543063,53.8,567.5,23.148,65535,17,16.9,S,Cloudy,0,16
2023-07-06T09:07:03,53.3836428,-6.2543841,53.8,573.78,23.094,65535,17,16.9,S,Cloudy,0,16
2023-07-06T09:07:04,53.3836775,-6.2544641,53.8,582.16,23.126,65535,17,16.9,S,Cloudy,0,16
2023-07-06T09:07:05,53.3837076,-6.2545475,53.8,588.44,23.177,65535,17,16.9,S,Cloudy,0,16
2023-07-06T09:07:06,53.3837365,-6.2546331,53.8,594.72,23.195,65535,17,16.9,S,Cloudy,0,16
2023-07-06T09:07:07,53.3837673,-6.2547166,53.8,601.0,23.216,65535,17,16.9,S,Cloudy,0,16
2023-07-06T09:07:08,53.3837981,-6.2547986,53.6,601.0,23.216,65535,17,16.9,S,Cloudy,0,16
2023-07-06T09:07:09,53.3838276,-6.2548835,53.6,613.57,23.195,65535,17,16.9,S,Cloudy,0,16
2023-07-06T09:07:10,53.3838433,-6.2549776,53.6,619.85,23.17,65535,17,16.9,S,Cloudy,0,16
2023-07-06T09:07:11,53.3838446,-6.2550735,53.4,619.85,23.148,65535,17,16.9,S,Cloudy,0,16
2023-07-06T09:07:12,53.3838316,-6.2551665,53.4,632.42,23.17,65535,17,16.9,S,Cloudy,0,16
2023-07-06T09:07:13,53.3838073,-6.2552546,53.6,640.8,23.051,65535,17,16.9,S,Cloudy,0,16
2023-07-06T09:07:14,53.3837788,-6.2553413,53.6,647.08,22.975,65535,17,16.9,S,Cloudy,0,16
2023-07-06T09:07:15,53.3837488,-6.2554278,53.6,653.36,23.004,65535,17,16.9,S,Cloudy,0,16
2023-07-06T09:07:16,53.3837181,-6.2555106,53.6,659.64,23.231,65535,17,16.9,S,Cloudy,0,16
2023-07-06T09:07:17,53.3836866,-6.2555911,53.6,659.64,23.429,65535,17,16.9,S,Cloudy,0,16
2023-07-06T09:07:18,53.3836566,-6.255675,53.6,672.21,23.335,65535,17,16.9,S,Cloudy,0,16
2023-07-06T09:07:19,53.3836283,-6.2557618,53.6,678.49,23.252,65535,17,16.9,S,Cloudy,0,16
2023-07-06T09:07:20,53.383602,-6.2558486,53.6,678.49,23.17,65535,17,16.9,S,Cloudy,0,16
2023-07-06T09:07:21,53.3835725,-6.2559325,53.6,691.06,23.231,65535,17,16.9,S,Cloudy,0,16
2023-07-06T09:07:22,53.3835411,-6.2560156,53.6,699.44,23.155,65535,17,16.9,S,Cloudy,0,16
2023-07-06T09:07:23,53.3835106,-6.2561003,53.6,705.72,23.094,65535,17,16.9,S,Cloudy,0,16
2023-07-06T09:07:24,53.3834806,-6.256184,53.6,705.72,23.094,65535,17,16.9,S,Cloudy,0,16
2023-07-06T09:07:25,53.3834505,-6.2562661,53.4,718.29,23.177,65535,17,16.9,S,Cloudy,0,16
2023-07-06T09:07:26,53.3834203,-6.256351,53.4,724.57,23.072,65535,17,16.9,S,Cloudy,0,16
2023-07-06T09:07:27,53.3833885,-6.256436,53.4,724.57,22.961,65535,17,16.9,S,Cloudy,0,16
2023-07-06T09:07:28,53.3833571,-6.2565208,53.2,737.14,23.101,65535,17,16.9,S,Cloudy,0,16
2023-07-06T09:07:29,53.3833271,-6.256605,53.2,743.42,23.45,65535,17,16.9,S,Cloudy,0,16
2023-07-06T09:07:30,53.3832975,-6.2566881,53.0,751.8,23.67,65535,17,16.9,S,Cloudy,0,16
2023-07-06T09:07:31,53.383266,-6.25677,53.0,758.08,23.479,65535,17,16.9,S,Cloudy,0,16
2023-07-06T09:07:32,53.3832341,-6.2568525,52.8,758.08,23.231,65535,17,16.9,S,Cloudy,0,16
2023-07-06T09:07:33,53.3831998,-6.2569325,52.6,770.65,23.17,65535,16,16.9,S,Cloudy,0,16
2023-07-06T09:07:34,53.3831635,-6.2570113,52.6,776.93,23.245,65535,16,16.9,S,Cloudy,0,16
2023-07-06T09:07:35,53.3831263,-6.2570898,52.6,783.21,23.321,65535,16,16.9,S,Cloudy,0,16
2023-07-06T09:07:36,53.3830913,-6.2571671,52.4,783.21,23.353,65535,16,16.9,S,Cloudy,0,16
2023-07-06T09:07:37,53.383055,-6.2572468,52.4,797.88,23.231,65535,16,16.9,S,Cloudy,0,16
2023-07-06T09:07:38,53.3830198,-6.2573266,52.4,804.16,23.231,65535,16,16.9,S,Cloudy,0,16
2023-07-06T09:07:39,53.3829855,-6.2574061,52.4,810.44,23.346,65535,16,16.9,S,Cloudy,0,16
2023-07-06T09:07:40,53.3829511,-6.2574846,52.2,816.72,23.411,65535,16,16.9,S,Cloudy,0,16
2023-07-06T09:07:41,53.3829163,-6.2575638,52.2,823.0,23.252,65535,16,16.9,S,Cloudy,0,16
2023-07-06T09:07:42,53.3828805,-6.2576421,52.0,829.28,23.036,65535,16,16.9,S,Cloudy,0,16
2023-07-06T09:07:43,53.3828456,-6.2577215,52.0,835.56,23.094,65535,16,16.9,S,Cloudy,0,16
2023-07-06T09:07:44,53.3828145,-6.2577965,52.0,835.56,23.252,65535,16,16.9,S,Cloudy,0,16
2023-07-06T09:07:45,53.3827891,-6.257864,52.0,848.13,22.892,65535,16,16.9,S,Cloudy,0,16
2023-07-06T09:07:46,53.3827711,-6.2579236,52.2,852.32,22.198,65535,16,16.9,S,Cloudy,0,16
2023-07-06T09:07:47,53.3827651,-6.2579825,52.2,856.51,20.711,65535,16,16.9,S,Cloudy,0,16
2023-07-06T09:07:48,53.3827701,-6.258034,52.4,860.7,18.817,65535,16,16.9,S,Cloudy,0,16
2023-07-06T09:07:49,53.3827841,-6.2580748,52.6,862.79,16.628,65535,16,16.9,S,Cloudy,0,16
2023-07-06T09:07:50,53.3828041,-6.2581071,52.6,862.79,15.239,65535,16,16.9,S,Cloudy,0,16
2023-07-06T09:07:51,53.3828295,-6.25814,52.8,866.98,14.306,65535,16,16.9,S,Cloudy,0,16
2023-07-06T09:07:52,53.3828628,-6.2581793,52.8,875.36,13.694,65535,16,16.9,S,Cloudy,0,16
2023-07-06T09:07:53,53.3828953,-6.2582245,52.8,879.55,13.144,65535,16,16.9,S,Cloudy,0,16
2023-07-06T09:07:54,53.3829283,-6.2582703,52.8,879.55,13.0,65535,16,16.9,S,Cloudy,0,16
2023-07-06T09:07:55,53.3829565,-6.2583246,52.8,890.03,14.281,65535,16,16.9,S,Cloudy,0,16
2023-07-06T09:07:56,53.3829856,-6.2583728,53.0,890.03,15.498,65535,16,16.9,S,Cloudy,0,16
2023-07-06T09:07:57,53.3830153,-6.2584098,53.0,894.22,16.916,65535,16,16.9,S,Cloudy,0,16
2023-07-06T09:07:58,53.3830481,-6.2584455,53.0,902.6,16.65,65535,16,16.9,S,Cloudy,0,16
2023-07-06T09:07:59,53.383085,-6.2584823,53.0,906.79,16.29,65535,16,16.9,S,Cloudy,0,16
2023-07-06T09:08:00,53.383122,-6.2585206,53.0,906.79,15.714,65535,16,16.9,S,Cloudy,0,16
2023-07-06T09:08:01,53.3831623,-6.2585705,53.0,917.27,16.304,65535,16,16.9,S,Cloudy,0,16
2023-07-06T09:08:02,53.3832056,-6.258622,52.8,923.55,17.579,65535,16,16.9,S,Cloudy,0,16
2023-07-06T09:08:03,53.3832488,-6.258673,52.8,929.83,19.375,65535,16,16.9,S,Cloudy,0,16
2023-07-06T09:08:04,53.3832896,-6.258723,52.8,929.83,20.491,65535,16,16.9,S,Cloudy,0,16
2023-07-06T09:08:05,53.3833228,-6.258776,53.0,942.4,20.891,65535,16,16.9,S,Cloudy,0,16
2023-07-06T09:08:06,53.3833491,-6.2588273,53.0,942.4,20.758,65535,16,16.9,S,Cloudy,0,16
2023-07-06T09:08:07,53.3833771,-6.2588605,53.2,946.59,20.07,65535,16,16.9,S,Cloudy,0,16
2023-07-06T09:08:08,53.3834043,-6.2588881,53.4,952.87,19.051,65535,16,16.9,S,Cloudy,0,16
2023-07-06T09:08:09,53.3834286,-6.2589056,53.6,957.06,17.226,65535,16,16.9,S,Cloudy,0,16
2023-07-06T09:08:10,53.3834525,-6.2589186,53.8,957.06,15.948,65535,16,16.9,S,Cloudy,0,16
2023-07-06T09:08:11,53.3834783,-6.2589246,53.8,961.25,14.094,65535,16,16.9,S,Cloudy,0,16
2023-07-06T09:08:12,53.3835036,-6.2589231,54.0,965.44,12.726,65535,16,16.9,S,Cloudy,0,16
2023-07-06T09:08:13,53.3835248,-6.2589116,54.0,967.53,11.218,65535,16,16.9,S,Cloudy,0,16
2023-07-06T09:08:14,53.3835386,-6.258898,54.2,967.53,10.742,65535,16,16.9,S,Cloudy,0,16
2023-07-06T09:08:15,53.3835415,-6.258883,54.2,971.72,10.472,65535,16,16.9,S,Cloudy,0,16
2023-07-06T09:08:16,53.3835333,-6.2588665,54.4,971.72,10.357,65535,16,16.9,S,Cloudy,0,16
2023-07-06T09:08:17,53.38352,-6.2588578,54.4,973.81,10.246,65535,16,16.9,S,Cloudy,0,16
2023-07-06T09:08:18,53.3835056,-6.258862,54.4,975.9,9.907,65535,16,16.9,S,Cloudy,0,16
2023-07-06T09:08:19,53.3834851,-6.2588701,54.4,977.99,9.378,65535,16,16.9,S,Cloudy,0,16
2023-07-06T09:08:20,53.3834593,-6.2588718,54.4,977.99,8.849,65535,16,16.9,S,Cloudy,0,16
2023-07-06T09:08:21,53.3834241,-6.2588515,54.2,986.37,8.442,65535,16,16.9,S,Cloudy,0,16
2023-07-06T09:08:22,53.3833856,-6.2588123,54.0,992.65,8.654,65535,16,16.9,S,Cloudy,0,16
2023-07-06T09:08:23,53.3833431,-6.2587606,53.6,992.65,8.863,65535,16,16.9,S,Cloudy,0,16
2023-07-06T09:08:24,53.3833,-6.2586995,53.4,996.84,10.908,65535,16,16.9,S,Cloudy,0,16
2023-07-06T09:08:25,53.3832533,-6.258636,53.2,1003.12,14.274,65535,16,16.9,S,Cloudy,0,16
2023-07-06T09:08:26,53.3832041,-6.2585741,53.2,1017.79,18.954,65535,16,16.9,S,Cloudy,0,16
2023-07-06T09:08:27,53.3831565,-6.2585106,53.0,1024.07,22.342,65535,16,16.9,S,Cloudy,0,16
2023-07-06T09:08:28,53.383122,-6.258431,53.0,1030.35,23.864,65535,16,16.9,S,Cloudy,0,16
2023-07-06T09:08:29,53.3830765,-6.2583683,53.0,1030.35,24.07,65535,16,16.9,S,Cloudy,0,16
2023-07-06T09:08:30,53.3830328,-6.2583053,52.8,1042.92,23.652,65535,16,16.9,S,Cloudy,0,16
2023-07-06T09:08:31,53.3829876,-6.2582485,52.6,1049.2,23.27,65535,16,16.9,S,Cloudy,0,16
2023-07-06T09:08:32,53.3829475,-6.2581816,52.4,1049.2,22.885,65535,16,16.9,S,Cloudy,0,16
2023-07-06T09:08:33,53.3829073,-6.2581141,52.0,1055.48,22.709,65535,16,16.9,S,Cloudy,0,16
2023-07-06T09:08:34,53.3828733,-6.2580435,51.8,1068.05,22.68,65535,16,16.9,S,Cloudy,0,16
2023-07-06T09:08:35,53.3828461,-6.2579781,51.8,1068.05,22.644,65535,16,16.9,S,Cloudy,0,16
2023-07-06T09:08:36,53.3828348,-6.2579148,51.8,1074.33,22.597,65535,16,16.9,S,Cloudy,0,16
2023-07-06T09:08:37,53.3828361,-6.2578555,52.0,1082.71,21.532,65535,16,16.9,S,Cloudy,0,16
2023-07-06T09:08:38,53.3828471,-6.2578018,52.2,1086.9,19.919,65535,16,16.9,S,Cloudy,0,16
2023-07-06T09:08:39,53.3828643,-6.2577503,52.2,1091.09,18.22,65535,16,16.9,S,Cloudy,0,16
2023-07-06T09:08:40,53.382887,-6.2576945,52.4,1091.09,17.46,65535,16,16.9,S,Cloudy,0,16
2023-07-06T09:08:41,53.382915,-6.2576356,52.4,1101.57,16.733,65535,16,16.9,S,Cloudy,0,16
2023-07-06T09:08:42,53.3829455,-6.2575725,52.4,1105.76,16.751,65535,16,16.9,S,Cloudy,0,16
2023-07-06T09:08:43,53.3829798,-6.2575045,52.4,1112.04,17.46,65535,16,16.9,S,Cloudy,0,16
2023-07-06T09:08:44,53.3830138,-6.2574298,52.4,1112.04,18.695,65535,16,16.9,S,Cloudy,0,16
2023-07-06T09:08:45,53.3830488,-6.257352,52.4,1118.32,19.926,65535,16,16.9,S,Cloudy,0,16
2023-07-06T09:08:46,53.3830851,-6.2572733,52.4,1130.89,21.125,65535,16,16.9,S,Cloudy,0,16
2023-07-06T09:08:47,53.3831215,-6.2571965,52.4,1139.27,22.543,65535,16,16.9,S,Cloudy,0,16
2023-07-06T09:08:48,53.383157,-6.2571208,52.4,1145.55,23.321,65535,16,16.9,S,Cloudy,0,16
2023-07-06T09:08:49,53.3831921,-6.2570418,52.4,1151.83,23.292,65535,16,16.9,S,Cloudy,0,16
2023-07-06T09:08:50,53.3832248,-6.2569603,52.4,1158.11,23.065,65535,16,16.9,S,Cloudy,0,16
2023-07-06T09:08:51,53.3832585,-6.2568803,52.6,1164.39,23.036,65535,16,16.9,S,Cloudy,0,16
2023-07-06T09:08:52,53.3832938,-6.256801,52.6,1170.67,23.17,65535,16,16.9,S,Cloudy,0,16
2023-07-06T09:08:53,53.3833246,-6.2567196,52.6,1170.67,23.27,65535,16,16.9,S,Cloudy,0,16
2023-07-06T09:08:54,53.3833548,-6.256636,52.8,1183.24,23.26,65535,16,16.9,S,Cloudy,0,16
2023-07-06T09:08:55,53.383384,-6.256552,53.0,1189.52,23.216,65535,16,16.9,S,Cloudy,0,16
2023-07-06T09:08:56,53.3834133,-6.2564675,53.2,1189.52,23.17,65535,16,16.9,S,Cloudy,0,16
2023-07-06T09:08:57,53.3834421,-6.256382,53.2,1204.19,23.072,65535,16,16.9,S,Cloudy,0,16
2023-07-06T09:08:58,53.3834706,-6.2562983,53.4,1210.47,23.119,65535,16,16.9,S,Cloudy,0,16
2023-07-06T09:08:59,53.3835015,-6.2562143,53.4,1210.47,23.162,65535,16,16.9,S,Cloudy,0,16
2023-07-06T09:09:00,53.3835321,-6.2561291,53.4,1216.75,23.195,65535,16,16.9,S,Cloudy,0,16
2023-07-06T09:09:01,53.3835625,-6.2560446,53.4,1229.32,23.314,65535,16,16.9,S,Cloudy,0,16
2023-07-06T09:09:02,53.3835896,-6.2559606,53.4,1235.6,23.335,65535,16,16.9,S,Cloudy,0,16
2023-07-06T09:09:03,53.3836193,-6.2558783,53.4,1235.6,23.443,65535,16,16.9,S,Cloudy,0,16
2023-07-06T09:09:04,53.3836506,-6.2557955,53.4,1248.17,23.195,65535,16,16.9,S,Cloudy,0,16
2023-07-06T09:09:05,53.3836813,-6.2557105,53.4,1254.45,23.065,65535,16,16.9,S,Cloudy,0,16
2023-07-06T09:09:06,53.383711,-6.2556248,53.2,1254.45,22.928,65535,16,16.9,S,Cloudy,0,16
2023-07-06T09:09:07,53.3837398,-6.2555413,53.2,1269.12,23.119,65535,16,16.9,S,Cloudy,0,16
2023-07-06T09:09:08,53.3837671,-6.2554558,53.2,1269.12,23.27,65535,16,16.9,S,Cloudy,0,16
2023-07-06T09:09:09,53.3837951,-6.2553698,53.2,1281.69,23.224,65535,16,16.9,S,Cloudy,0,16
2023-07-06T09:09:10,53.3838241,-6.255284,53.2,1287.97,23.119,65535,16,16.9,S,Cloudy,0,16
2023-07-06T09:09:11,53.3838528,-6.2551975,53.2,1287.97,23.011,65535,15,16.9,S,Cloudy,0,16
2023-07-06T09:09:12,53.3838748,-6.2551173,53.4,1294.25,23.195,65535,15,16.9,S,Cloudy,0,16
2023-07-06T09:09:13,53.3838871,-6.2550403,53.6,1304.73,22.583,65535,15,16.9,S,Cloudy,0,16
2023-07-06T09:09:14,53.383886,-6.254967,53.6,1311.01,21.24,65535,15,16.9,S,Cloudy,0,16
2023-07-06T09:09:15,53.383874,-6.2548993,53.6,1311.01,19.822,65535,15,16.9,S,Cloudy,0,16
2023-07-06T09:09:16,53.3838548,-6.2548401,53.4,1319.39,18.439,65535,15,16.9,S,Cloudy,0,16
2023-07-06T09:09:17,53.3838313,-6.2547806,53.2,1323.58,17.572,65535,15,16.9,S,Cloudy,0,16
2023-07-06T09:09:18,53.3838068,-6.254715,53.2,1329.86,16.697,65535,15,16.9,S,Cloudy,0,16
2023-07-06T09:09:19,53.3837818,-6.2546435,53.0,1334.05,16.834,65535,15,16.9,S,Cloudy,0,16
2023-07-06T09:09:20,53.383754,-6.2545681,52.8,1334.05,17.172,65535,15,16.9,S,Cloudy,0,16
2023-07-06T09:09:21,53.3837231,-6.254492,52.8,1346.62,18.583,65535,15,16.9,S,Cloudy,0,16
2023-07-06T09:09:22,53.3836903,-6.2544126,53.0,1352.9,19.872,65535,15,16.9,S,Cloudy,0,16
2023-07-06T09:09:23,53.3836573,-6.2543291,53.2,1352.9,21.172,65535,15,16.9,S,Cloudy,0,16
2023-07-06T09:09:24,53.3836241,-6.2542456,53.4,1359.18,21.701,65535,15,16.9,S,Cloudy,0,16
2023-07-06T09:09:25,53.383592,-6.2541618,53.6,1373.85,22.385,65535,15,16.9,S,Cloudy,0,16
2023-07-06T09:09:26,53.3835603,-6.2540781,53.8,1380.13,22.99,65535,15,16.9,S,Cloudy,0,16
2023-07-06T09:09:27,53.3835305,-6.2539926,54.0,1380.13,23.299,65535,15,16.9,S,Cloudy,0,16
2023-07-06T09:09:28,53.3835008,-6.2539096,54.0,1386.41,23.216,65535,15,16.9,S,Cloudy,0,16
2023-07-06T09:09:29,53.3834768,-6.2538353,54.2,1396.89,22.975,65535,15,16.9,S,Cloudy,0,16
2023-07-06T09:09:30,53.3834648,-6.253768,54.4,1403.17,22.55,65535,15,16.9,S,Cloudy,0,16
2023-07-06T09:09:31,53.3834656,-6.253705,54.4,1407.36,21.283,65535,15,16.9,S,Cloudy,0,16
2023-07-06T09:09:32,53.3834758,-6.2536468,54.4,1407.36,20.264,65535,15,16.9,S,Cloudy,0,16
2023-07-06T09:09:33,53.3834968,-6.2535898,54.4,1415.74,18.054,65535,15,16.9,S,Cloudy,0,16
2023-07-06T09:09:34,53.3835283,-6.2535348,54.4,1419.93,16.711,65535,15,16.9,S,Cloudy,0,16
2023-07-06T09:09:35,53.3835678,-6.2534856,54.6,1419.93,15.376,65535,15,16.9,S,Cloudy,0,16
2023-07-06T09:09:36,53.383613,-6.2534378,54.6,1426.21,15.973,65535,15,16.9,S,Cloudy,0,16
2023-07-06T09:09:37,53.3836621,-6.253387,54.6,1438.78,17.845,65535,15,16.9,S,Cloudy,0,16
2023-07-06T09:09:38,53.3837138,-6.2533346,54.6,1445.06,20.214,65535,15,16.9,S,Cloudy,0,16
2023-07-06T09:09:39,53.3837693,-6.2532928,54.4,1445.06,22.018,65535,15,16.9,S,Cloudy,0,16
2023-07-06T09:09:40,53.3838286,-6.2532683,54.4,1451.34,22.878,65535,15,16.9,S,Cloudy,0,16
2023-07-06T09:09:41,53.3838888,-6.2532555,54.4,1466.01,23.292,65535,15,16.9,S,Cloudy,0,16
2023-07-06T09:09:42,53.3839495,-6.2532428,54.2,1472.29,23.767,65535,15,16.9,S,Cloudy,0,16
2023-07-06T09:09:43,53.3840105,-6.253223,54.2,1472.29,23.886,65535,15,16.9,S,Cloudy,0,16
2023-07-06T09:09:44,53.3840721,-6.253201,54.2,1484.86,24.098,65535,15,16.9,S,Cloudy,0,16
2023-07-06T09:09:45,53.3841348,-6.2531815,54.0,1493.24,24.354,65535,15,16.9,S,Cloudy,0,16
2023-07-06T09:09:46,53.3841985,-6.253165,54.0,1499.52,24.718,65535,15,16.9,S,Cloudy,0,16
2023-07-06T09:09:47,53.384262,-6.2531525,53.8,1499.52,24.937,65535,15,16.9,S,Cloudy,0,16
2023-07-06T09:09:48,53.384324,-6.2531395,53.6,1507.9,25.232,65535,15,16.9,S,Cloudy,0,16
2023-07-06T09:09:49,53.3843846,-6.2531253,53.8,1520.47,25.013,65535,15,16.9,S,Cloudy,0,16
2023-07-06T09:09:50,53.3844436,-6.2531118,53.8,1526.75,24.613,65535,15,16.9,S,Cloudy,0,16
2023-07-06T09:09:51,53.3845003,-6.2530948,54.0,1526.75,24.037,65535,15,16.9,S,Cloudy,0,16
2023-07-06T09:09:52,53.3845543,-6.2530761,53.8,1533.03,23.72,65535,15,16.9,S,Cloudy,0,16
2023-07-06T09:09:53,53.3846071,-6.2530573,54.0,1545.6,23.058,65535,15,16.9,S,Cloudy,0,16
2023-07-06T09:09:54,53.384657,-6.2530276,54.0,1551.88,22.176,65535,15,16.9,S,Cloudy,0,16
2023-07-06T09:09:55,53.3847063,-6.2530195,54.0,1551.88,21.434,65535,15,16.9,S,Cloudy,0,16
2023-07-06T09:09:56,53.3847615,-6.2530276,54.0,1556.07,21.035,65535,15,16.9,S,Cloudy,0,16
2023-07-06T09:09:57,53.3848073,-6.25308,54.2,1568.64,21.103,65535,15,16.9,S,Cloudy,0,16
2023-07-06T09:09:58,53.3848488,-6.2531491,54.4,1568.64,21.164,65535,15,16.9,S,Cloudy,0,16
2023-07-06T09:09:59,53.384884,-6.2532296,54.8,1583.31,21.985,65535,15,16.9,S,Cloudy,0,16
2023-07-06T09:10:00,53.3849153,-6.2533135,55.0,1589.59,22.626,65535,15,16.9,S,Cloudy,0,16
2023-07-06T09:10:01,53.3849435,-6.2533983,55.0,1595.87,23.306,65535,15,16.9,S,Cloudy,0,16
2023-07-06T09:10:02,53.384969,-6.2534841,55.2,1595.87,23.418,65535,15,16.9,S,Cloudy,0,16
2023-07-06T09:10:03,53.3849921,-6.2535628,55.4,1608.44,23.087,65535,15,16.9,S,Cloudy,0,16
2023-07-06T09:10:04,53.385015,-6.2536273,55.4,1612.63,22.302,65535,15,16.9,S,Cloudy,0,16
2023-07-06T09:10:05,53.3850371,-6.2536775,55.6,1616.82,21.391,65535,15,16.9,S,Cloudy,0,16
2023-07-06T09:10:06,53.385062,-6.2537078,55.8,1621.01,19.94,65535,15,16.9,S,Cloudy,0,16
2023-07-06T09:10:07,53.385079,-6.2536986,56.0,1621.01,18.914,65535,15,16.9,S,Cloudy,0,16
2023-07-06T09:10:08,53.385102,-6.2536876,56.4,1627.29,16.592,65535,15,16.9,S,Cloudy,0,16
2023-07-06T09:10:09,53.3851305,-6.2536908,56.6,1627.29,15.174,65535,15,16.9,S,Cloudy,0,16
2023-07-06T09:10:10,53.3851543,-6.2537023,56.8,1633.57,13.399,65535,15,16.9,S,Cloudy,0,16
2023-07-06T09:10:11,53.3851701,-6.2537165,57.2,1633.57,13.043,65535,15,16.9,S,Cloudy,0,16
2023-07-06T09:10:12,53.3851846,-6.2537188,57.2,1637.76,12.154,65535,15,16.9,S,Cloudy,0,16
2023-07-06T09:10:13,53.3851951,-6.253711,57.2,1637.76,11.603,65535,15,16.9,S,Cloudy,0,16
2023-07-06T09:10:14,53.3852011,-6.2536976,57.0,1637.76,11.059,65535,15,16.9,S,Cloudy,0,16
2023-07-06T09:10:15,53.385201,-6.2536863,57.0,1639.85,10.577,65535,15,16.9,S,Cloudy,0,16
2023-07-06T09:10:16,53.385195,-6.253678,57.2,1641.94,9.544,65535,15,16.9,S,Cloudy,0,16
2023-07-06T09:10:17,53.3851853,-6.2536738,57.6,1641.94,8.503,65535,15,16.9,S,Cloudy,0,16
2023-07-06T09:10:18,53.3851658,-6.2536661,57.8,1644.03,7.459,65535,15,16.9,S,Cloudy,0,16
2023-07-06T09:10:19,53.385138,-6.2536555,57.8,1646.12,6.761,65535,15,16.9,S,Cloudy,0,16
2023-07-06T09:10:20,53.3851078,-6.2536435,57.4,1652.4,6.066,65535,15,16.9,S,Cloudy,0,16
2023-07-06T09:10:21,53.3850758,-6.2536281,57.0,1656.59,6.095,65535,15,16.9,S,Cloudy,0,16
2023-07-06T09:10:22,53.3850458,-6.2536071,56.6,1656.59,6.343,65535,15,16.9,S,Cloudy,0,16
2023-07-06T09:10:23,53.385016,-6.2535785,56.2,1664.97,8.863,65535,15,16.9,S,Cloudy,0,16
2023-07-06T09:10:24,53.3849886,-6.2535378,56.0,1669.16,11.354,65535,15,16.9,S,Cloudy,0,16
2023-07-06T09:10:25,53.3849656,-6.2534841,56.0,1673.35,14.062,65535,15,16.9,S,Cloudy,0,16
2023-07-06T09:10:26,53.3849403,-6.2534206,55.8,1679.63,14.879,65535,15,16.9,S,Cloudy,0,16
2023-07-06T09:10:27,53.3849118,-6.2533463,55.8,1679.63,15.491,65535,15,16.9,S,Cloudy,0,16
2023-07-06T09:10:28,53.3848818,-6.2532636,55.2,1683.82,16.265,65535,15,16.9,S,Cloudy,0,16
2023-07-06T09:10:29,53.384853,-6.253182,54.4,1698.49,18.259,65535,15,16.9,S,Cloudy,0,16
2023-07-06T09:10:30,53.3848216,-6.2531116,53.8,1702.68,20.462,65535,15,16.9,S,Cloudy,0,16
2023-07-06T09:10:31,53.3847835,-6.2530665,53.2,1702.68,22.28,65535,15,16.9,S,Cloudy,0,16
2023-07-06T09:10:32,53.3847393,-6.2530418,53.0,1715.25,21.64,65535,15,16.9,S,Cloudy,0,16
2023-07-06T09:10:33,53.3846928,-6.253028,52.6,1719.44,20.462,65535,15,16.9,S,Cloudy,0,16
2023-07-06T09:10:34,53.3846441,-6.2530195,52.4,1725.72,19.202,65535,15,16.9,S,Cloudy,0,16
2023-07-06T09:10:35,53.3845953,-6.2530218,52.4,1729.91,19.037,65535,15,16.9,S,Cloudy,0,16
2023-07-06T09:10:36,53.384548,-6.2530378,52.2,1736.19,19.181,65535,15,16.9,S,Cloudy,0,16
2023-07-06T09:10:37,53.3845025,-6.2530573,52.0,1736.19,19.404,65535,15,16.9,S,Cloudy,0,16
2023-07-06T09:10:38,53.3844578,-6.2530698,52.0,1746.67,18.961,65535,15,16.9,S,Cloudy,0,16
2023-07-06T09:10:39,53.3844091,-6.253083,52.2,1750.86,18.439,65535,15,16.9,S,Cloudy,0,16
2023-07-06T09:10:40,53.3843541,-6.2530983,52.2,1757.14,18.342,65535,15,16.9,S,Cloudy,0,16
2023-07-06T09:10:41,53.384296,-6.2531106,52.0,1757.14,18.673,65535,15,16.9,S,Cloudy,0,16
2023-07-06T09:10:42,53.384238,-6.253126,51.8,1771.81,20.408,65535,15,16.9,S,Cloudy,0,16
2023-07-06T09:10:43,53.3841815,-6.2531415,51.8,1778.09,21.827,65535,15,16.9,S,Cloudy,0,16
2023-07-06T09:10:44,53.3841261,-6.2531583,51.6,1784.37,23.036,65535,15,16.9,S,Cloudy,0,16
2023-07-06T09:10:45,53.3840733,-6.2531708,51.6,1788.56,22.817,65535,15,16.9,S,Cloudy,0,16
2023-07-06T09:10:46,53.3840223,-6.25318,51.4,1788.56,22.493,65535,15,16.9,S,Cloudy,0,16
2023-07-06T09:10:47,53.3839713,-6.2531881,51.4,1794.84,22.115,65535,15,16.9,S,Cloudy,0,16
2023-07-06T09:10:48,53.3839185,-6.2531978,51.4,1807.41,21.532,65535,15,16.9,S,Cloudy,0,16
2023-07-06T09:10:49,53.3838655,-6.2532115,51.4,1813.69,21.186,65535,15,16.9,S,Cloudy,0,16
2023-07-06T09:10:50,53.3838123,-6.2532311,51.6,1819.97,21.254,65535,15,16.9,S,Cloudy,0,16
2023-07-06T09:10:51,53.3837591,-6.2532533,52.0,1819.97,21.632,65535,15,16.9,S,Cloudy,0,16
2023-07-06T09:10:52,53.383706,-6.2532853,52.6,1826.25,21.751,65535,15,16.9,S,Cloudy,0,16
2023-07-06T09:10:53,53.3836531,-6.2533293,53.0,1838.82,22.068,65535,15,16.9,S,Cloudy,0,16
2023-07-06T09:10:54,53.3836013,-6.25338,53.4,1838.82,22.385,65535,15,16.9,S,Cloudy,0,16
2023-07-06T09:10:55,53.383552,-6.2534321,53.6,1851.39,23.051,65535,15,16.9,S,Cloudy,0,16
2023-07-06T09:10:56,53.383504,-6.2534855,53.8,1857.67,23.177,65535,15,16.9,S,Cloudy,0,16
2023-07-06T09:10:57,53.3834638,-6.2535406,54.0,1857.67,23.314,65535,15,16.9,S,Cloudy,0,16
2023-07-06T09:10:58,53.3834341,-6.2535886,54.2,1868.15,22.5,65535,15,16.9,S,Cloudy,0,16
2023-07-06T09:10:59,53.3834126,-6.2536216,54.4,1870.24,21.888,65535,15,16.9,S,Cloudy,0,16
2023-07-06T09:11:00,53.3834006,-6.253649,54.6,1870.24,21.269,65535,15,16.9,S,Cloudy,0,16
2023-07-06T09:11:01,53.3833948,-6.2536733,54.8,1872.33,20.272,65535,15,16.9,S,Cloudy,0,16
2023-07-06T09:11:02,53.3833921,-6.2536941,55.0,1874.42,18.227,65535,15,16.9,S,Cloudy,0,16
2023-07-06T09:11:03,53.3833926,-6.2537088,55.2,1876.51,15.091,65535,15,16.9,S,Cloudy,0,16
2023-07-06T09:11:04,53.3833933,-6.2537121,55.2,1878.6,12.042,65535,15,16.9,S,Cloudy,0,16
2023-07-06T09:11:05,53.383393,-6.2537123,55.4,1878.6,10.055,65535,15,16.9,S,Cloudy,0,16
2023-07-06T09:11:06,53.383393,-6.253713,55.4,1878.6,9.151,65535,15,16.9,S,Cloudy,0,16
2023-07-06T09:11:07,53.383393,-6.2537136,55.6,1878.6,9.151,65535,15,16.9,S,Cloudy,0,16
2023-07-06T09:11:08,53.3833928,-6.2537146,55.6,1878.6,0.0,65535,15,16.9,S,Cloudy,0,16
2023-07-06T09:11:09,53.3833923,-6.2537153,55.6,1878.6,0.0,65535,15,16.9,S,Cloudy,0,16
2023-07-06T09:11:15,53.3834045,-6.2537576,55.8,1878.6,0.0,65535,15,16.9,S,Cloudy,0,16
2023-07-06T09:11:16,53.3834078,-6.2537855,55.8,1878.6,0.0,65535,15,16.9,S,Cloudy,0,16
2023-07-06T09:11:17,53.3834233,-6.2538206,55.8,1882.79,2.948,65535,15,16.9,S,Cloudy,0,16
2023-07-06T09:11:18,53.3834425,-6.253867,55.6,1884.88,6.217,65535,15,16.9,S,Cloudy,0,16
2023-07-06T09:11:19,53.3834645,-6.2539246,55.6,1891.16,9.965,65535,15,16.9,S,Cloudy,0,16
2023-07-06T09:11:20,53.3834883,-6.253993,55.4,1891.16,10.757,65535,15,16.9,S,Cloudy,0,16
2023-07-06T09:11:21,53.3835158,-6.2540686,55.2,1901.64,13.489,65535,15,16.9,S,Cloudy,0,16
2023-07-06T09:11:22,53.3835478,-6.2541491,55.0,1907.92,16.675,65535,15,16.9,S,Cloudy,0,16
2023-07-06T09:11:23,53.3835813,-6.2542341,54.8,1916.3,20.491,65535,15,16.9,S,Cloudy,0,16
2023-07-06T09:11:24,53.3836128,-6.2543216,54.8,1916.3,22.061,65535,15,16.9,S,Cloudy,0,16
2023-07-06T09:11:25,53.3836436,-6.2544085,54.6,1928.87,23.141,65535,15,16.9,S,Cloudy,0,16
2023-07-06T09:11:26,53.3836731,-6.2544918,54.4,1935.15,23.418,65535,15,16.9,S,Cloudy,0,16
2023-07-06T09:11:27,53.383705,-6.2545701,54.2,1935.15,23.699,65535,15,16.9,S,Cloudy,0,16
2023-07-06T09:11:28,53.3837393,-6.2546475,54.0,1947.72,23.162,65535,15,16.9,S,Cloudy,0,16
2023-07-06T09:11:29,53.3837733,-6.2547285,53.8,1954.0,22.853,65535,15,16.9,S,Cloudy,0,16
2023-07-06T09:11:30,53.3838051,-6.2548133,53.6,1954.0,22.536,65535,15,16.9,S,Cloudy,0,16
2023-07-06T09:11:31,53.3838278,-6.2548975,53.6,1960.28,22.709,65535,15,16.9,S,Cloudy,0,16
2023-07-06T09:11:32,53.3838371,-6.2549816,53.8,1972.85,22.46,65535,15,16.9,S,Cloudy,0,16
2023-07-06T09:11:33,53.3838346,-6.2550638,53.8,1977.04,21.701,65535,15,16.9,S,Cloudy,0,16
2023-07-06T09:11:34,53.3838221,-6.2551401,54.0,1977.04,20.808,65535,15,16.9,S,Cloudy,0,16
2023-07-06T09:11:35,53.3838011,-6.2552145,54.0,1983.32,20.03,65535,15,16.9,S,Cloudy,0,16
2023-07-06T09:11:36,53.3837751,-6.2552928,54.0,1987.51,19.526,65535,15,16.9,S,Cloudy,0,16
2023-07-06T09:11:37,53.3837456,-6.2553765,54.0,2000.08,19.789,65535,15,16.9,S,Cloudy,0,16
2023-07-06T09:11:38,53.3837153,-6.2554596,54.0,2008.46,20.855,65535,15,16.9,S,Cloudy,0,16
2023-07-06T09:11:39,53.3836866,-6.2555413,54.0,2008.46,22.158,65535,15,16.9,S,Cloudy,0,16
2023-07-06T09:11:40,53.3836586,-6.2556206,54.0,2014.74,22.817,65535,15,16.9,S,Cloudy,0,16
2023-07-06T09:11:41,53.3836295,-6.2556998,54.0,2025.22,22.561,65535,15,16.9,S,Cloudy,0,16
2023-07-06T09:11:42,53.3836008,-6.2557846,54.0,2033.6,22.378,65535,15,16.9,S,Cloudy,0,16
2023-07-06T09:11:43,53.3835735,-6.2558721,54.0,2033.6,22.075,65535,15,16.9,S,Cloudy,0,16
2023-07-06T09:11:44,53.3835445,-6.2559595,53.8,2039.88,22.439,65535,15,16.9,S,Cloudy,0,16
2023-07-06T09:11:45,53.383514,-6.2560435,53.8,2052.45,22.928,65535,15,16.9,S,Cloudy,0,16
2023-07-06T09:11:46,53.3834833,-6.256126,53.6,2052.45,23.418,65535,15,16.9,S,Cloudy,0,16
2023-07-06T09:11:47,53.3834545,-6.25621,53.6,2058.73,23.526,65535,15,16.9,S,Cloudy,0,16
2023-07-06T09:11:48,53.3834276,-6.2562953,53.6,2071.3,23.188,65535,15,16.9,S,Cloudy,0,16
2023-07-06T09:11:49,53.3833981,-6.256383,53.6,2077.58,22.936,65535,15,16.9,S,Cloudy,0,16
2023-07-06T09:11:50,53.3833681,-6.2564688,53.6,2085.96,23.011,65535,15,16.9,S,Cloudy,0,16
2023-07-06T09:11:51,53.383336,-6.2565503,53.6,2092.24,23.321,65535,15,16.9,S,Cloudy,0,16
2023-07-06T09:11:52,53.3833051,-6.2566325,53.6,2098.52,23.436,65535,15,16.9,S,Cloudy,0,16
2023-07-06T09:11:53,53.3832768,-6.2567151,53.6,2104.8,23.252,65535,15,16.9,S,Cloudy,0,16
2023-07-06T09:11:54,53.3832461,-6.2567981,53.4,2104.8,23.094,65535,15,16.9,S,Cloudy,0,16
2023-07-06T09:11:55,53.383214,-6.2568821,53.4,2111.08,23.004,65535,15,16.9,S,Cloudy,0,16
2023-07-06T09:11:56,53.3831815,-6.2569653,53.2,2123.65,23.087,65535,15,16.9,S,Cloudy,0,16
2023-07-06T09:11:57,53.383146,-6.2570431,53.0,2129.93,23.162,65535,15,16.9,S,Cloudy,0,16
2023-07-06T09:11:58,53.3831083,-6.257117,53.0,2129.93,23.26,65535,15,16.9,S,Cloudy,0,16
2023-07-06T09:11:59,53.383071,-6.2571893,52.8,2136.21,23.195,65535,15,16.9,S,Cloudy,0,16
2023-07-06T09:12:00,53.3830355,-6.2572683,52.8,2150.88,23.162,65535,15,16.9,S,Cloudy,0,16
2023-07-06T09:12:01,53.3830001,-6.2573493,52.8,2157.16,23.252,65535,15,16.9,S,Cloudy,0,16
2023-07-06T09:12:02,53.3829641,-6.257427,52.6,2157.16,23.418,65535,15,16.9,S,Cloudy,0,16
2023-07-06T09:12:03,53.3829275,-6.2575015,52.6,2169.73,23.375,65535,15,16.9,S,Cloudy,0,16
2023-07-06T09:12:04,53.382891,-6.2575773,52.4,2176.01,23.126,65535,15,16.9,S,Cloudy,0,16
2023-07-06T09:12:05,53.3828561,-6.2576565,52.4,2182.29,22.961,65535,15,16.9,S,Cloudy,0,16
2023-07-06T09:12:06,53.3828243,-6.2577313,52.4,2182.29,22.961,65535,15,16.9,S,Cloudy,0,16
2023-07-06T09:12:07,53.3827971,-6.2577986,52.4,2188.57,23.065,65535,15,16.9,S,Cloudy,0,16
2023-07-06T09:12:08,53.3827776,-6.2578628,52.4,2199.05,21.874,65535,15,16.9,S,Cloudy,0,16
2023-07-06T09:12:09,53.38277,-6.2579233,52.6,2203.24,20.394,65535,15,16.9,S,Cloudy,0,16
2023-07-06T09:12:10,53.382772,-6.2579798,52.6,2203.24,18.9,65535,15,16.9,S,Cloudy,0,16
2023-07-06T09:12:11,53.3827808,-6.2580298,52.8,2205.33,18.227,65535,15,16.9,S,Cloudy,0,16
2023-07-06T09:12:12,53.3827958,-6.2580745,53.0,2213.71,16.65,65535,15,16.9,S,Cloudy,0,16
2023-07-06T09:12:13,53.3828166,-6.2581086,53.0,2215.8,14.681,65535,15,16.9,S,Cloudy,0,16
2023-07-06T09:12:14,53.3828423,-6.2581378,53.0,2215.8,13.09,65535,15,16.9,S,Cloudy,0,16
2023-07-06T09:12:15,53.3828608,-6.2581821,53.0,2226.28,12.758,65535,15,16.9,S,Cloudy,0,16
2023-07-06T09:12:16,53.3828825,-6.2582423,53.0,2230.47,13.043,65535,15,16.9,S,Cloudy,0,16
2023-07-06T09:12:17,53.38292,-6.2582945,53.0,2236.75,14.328,65535,15,16.9,S,Cloudy,0,16
2023-07-06T09:12:18,53.3829645,-6.2583445,52.8,2236.75,15.548,65535,15,16.9,S,Cloudy,0,16
2023-07-06T09:12:19,53.3830113,-6.2583983,52.8,2243.03,17.759,65535,15,16.9,S,Cloudy,0,16
2023-07-06T09:12:20,53.383055,-6.2584591,52.6,2255.6,19.796,65535,15,16.9,S,Cloudy,0,16
2023-07-06T09:12:21,53.3830946,-6.2585211,52.6,2261.88,22.01,65535,15,16.9,S,Cloudy,0,16
2023-07-06T09:12:22,53.3831373,-6.258584,52.6,2261.88,23.018,65535,15,16.9,S,Cloudy,0,16
2023-07-06T09:12:23,53.3831853,-6.2586436,52.8,2268.16,23.245,65535,15,16.9,S,Cloudy,0,16
2023-07-06T09:12:24,53.3832326,-6.258701,52.8,2280.73,23.216,65535,15,16.9,S,Cloudy,0,16
2023-07-06T09:12:25,53.3832786,-6.2587598,53.0,2287.01,23.101,65535,15,16.9,S,Cloudy,0,16
2023-07-06T09:12:26,53.3833191,-6.2588188,53.0,2287.01,22.943,65535,15,16.9,S,Cloudy,0,16
2023-07-06T09:12:27,53.3833646,-6.258861,53.2,2299.58,22.81,65535,15,16.9,S,Cloudy,0,16
2023-07-06T09:12:28,53.3834175,-6.2588838,53.2,2305.86,22.424,65535,15,16.9,S,Cloudy,0,16
2023-07-06T09:12:29,53.3834683,-6.2588936,53.4,2310.05,21.532,65535,15,16.9,S,Cloudy,0,16
2023-07-06T09:12:30,53.3835155,-6.2588901,53.6,2310.05,20.718,65535,15,16.9,S,Cloudy,0,16
2023-07-06T09:12:31,53.3835568,-6.2588831,53.6,2320.53,19.48,65535,15,16.9,S,Cloudy,0,16
2023-07-06T09:12:32,53.3835935,-6.258873,53.8,2324.72,18.371,65535,15,16.9,S,Cloudy,0,16
2023-07-06T09:12:33,53.3836198,-6.2588661,54.0,2324.72,17.255,65535,15,16.9,S,Cloudy,0,16
2023-07-06T09:12:34,53.3836345,-6.2588511,54.2,2326.81,16.772,65535,15,16.9,S,Cloudy,0,16
2023-07-06T09:12:35,53.3836505,-6.2588421,54.2,2331.0,15.631,65535,15,16.9,S,Cloudy,0,16
2023-07-06T09:12:36,53.3836745,-6.2588383,54.4,2335.19,13.716,65535,15,16.9,S,Cloudy,0,16
2023-07-06T09:12:37,53.3837076,-6.2588325,54.4,2335.19,11.912,65535,15,16.9,S,Cloudy,0,16
2023-07-06T09:12:38,53.3837471,-6.2588213,54.6,2339.38,10.926,65535,15,16.9,S,Cloudy,0,16
2023-07-06T09:12:39,53.3837911,-6.258812,54.6,2349.86,11.444,65535,15,16.9,S,Cloudy,0,16
2023-07-06T09:12:40,53.3838403,-6.258806,54.6,2349.86,11.974,65535,15,16.9,S,Cloudy,0,16
2023-07-06T09:12:41,53.3838915,-6.2587978,54.6,2354.05,14.688,65535,15,16.9,S,Cloudy,0,16
2023-07-06T09:12:42,53.3839466,-6.2587853,54.6,2362.43,17.579,65535,15,16.9,S,Cloudy,0,16
2023-07-06T09:12:43,53.3840043,-6.2587755,54.6,2375.0,21.215,65535,15,16.9,S,Cloudy,0,16
2023-07-06T09:12:44,53.3840646,-6.2587676,54.6,2381.28,22.795,65535,15,16.9,S,Cloudy,0,16
2023-07-06T09:12:45,53.3841226,-6.2587553,54.6,2381.28,23.458,65535,15,16.9,S,Cloudy,0,16
2023-07-06T09:12:46,53.3841775,-6.2587455,54.6,2387.56,23.177,65535,15,16.9,S,Cloudy,0,16
2023-07-06T09:12:47,53.3842335,-6.258735,54.6,2393.84,22.936,65535,15,16.9,S,Cloudy,0,16
2023-07-06T09:12:48,53.3842931,-6.2587238,54.6,2406.41,22.846,65535,15,16.9,S,Cloudy,0,16
2023-07-06T09:12:49,53.3843475,-6.2587131,54.6,2412.69,22.99,65535,15,16.9,S,Cloudy,0,16
2023-07-06T09:12:50,53.3844026,-6.2586981,54.6,2412.69,23.17,65535,15,16.9,S,Cloudy,0,16
2023-07-06T09:12:51,53.3844591,-6.2586881,54.6,2425.26,23.065,65535,15,16.9,S,Cloudy,0,16
2023-07-06T09:12:52,53.3845131,-6.25868,54.8,2431.54,22.644,65535,15,16.9,S,Cloudy,0,16
2023-07-06T09:12:53,53.3845618,-6.2586745,55.0,2435.73,21.874,65535,15,16.9,S,Cloudy,0,16
2023-07-06T09:12:54,53.3846065,-6.2586731,55.2,2435.73,21.226,65535,15,16.9,S,Cloudy,0,16
2023-07-06T09:12:55,53.384646,-6.2586758,55.4,2444.11,19.732,65535,15,16.9,S,Cloudy,0,16
2023-07-06T09:12:56,53.3846828,-6.2586846,55.6,2448.3,17.874,65535,15,16.9,S,Cloudy,0,16
2023-07-06T09:12:57,53.3847206,-6.258712,55.8,2448.3,16.016,65535,15,16.9,S,Cloudy,0,16
2023-07-06T09:12:58,53.3847516,-6.2587511,55.8,2456.68,15.066,65535,15,16.9,S,Cloudy,0,16
2023-07-06T09:12:59,53.38478,-6.2588058,56.0,2460.87,14.929,65535,15,16.9,S,Cloudy,0,16
2023-07-06T09:13:00,53.3848015,-6.2588735,56.0,2460.87,14.796,65535,15,16.9,S,Cloudy,0,16
2023-07-06T09:13:01,53.384814,-6.2589518,56.0,2467.15,15.098,65535,15,16.9,S,Cloudy,0,16
2023-07-06T09:13:02,53.3848195,-6.259039,56.0,2471.34,15.865,65535,15,16.9,S,Cloudy,0,16
2023-07-06T09:13:03,53.3848195,-6.259118,56.0,2483.91,17.708,65535,15,16.9,S,Cloudy,0,16
2023-07-06T09:13:04,53.3848185,-6.2591848,56.0,2483.91,19.346,65535,15,16.9,S,Cloudy,0,16
2023-07-06T09:13:05,53.3848188,-6.2592361,56.2,2490.19,20.146,65535,15,16.9,S,Cloudy,0,16
2023-07-06T09:13:06,53.3848216,-6.25928,56.4,2490.19,19.872,65535,15,16.9,S,Cloudy,0,16
2023-07-06T09:13:07,53.3848228,-6.2593315,56.6,2496.47,17.852,65535,14,16.9,S,Cloudy,0,16
2023-07-06T09:13:08,53.3848265,-6.259407,56.6,2502.75,15.714,65535,14,16.9,S,Cloudy,0,16
2023-07-06T09:13:09,53.3848293,-6.2594865,56.6,2502.75,13.565,65535,14,16.9,S,Cloudy,0,16
2023-07-06T09:13:10,53.38483,-6.2595725,56.6,2506.94,13.172,65535,14,16.9,S,Cloudy,0,16
2023-07-06T09:13:11,53.3848316,-6.2596576,56.6,2519.51,15.556,65535,14,16.9,S,Cloudy,0,16
2023-07-06T09:13:12,53.384836,-6.259743,56.6,2519.51,17.942,65535,14,16.9,S,Cloudy,0,16
2023-07-06T09:13:13,53.3848325,-6.2598201,56.6,2523.7,20.221,65535,14,16.9,S,Cloudy,0,16
2023-07-06T09:13:14,53.3848338,-6.2598881,56.6,2529.98,19.807,65535,14,16.9,S,Cloudy,0,16
2023-07-06T09:13:15,53.3848375,-6.2599566,56.8,2529.98,19.375,65535,14,16.9,S,Cloudy,0,16
2023-07-06T09:13:16,53.3848413,-6.2600256,56.8,2538.36,18.454,65535,14,16.9,S,Cloudy,0,16
2023-07-06T09:13:17,53.3848416,-6.2600986,56.8,2542.55,17.676,65535,14,16.9,S,Cloudy,0,16
2023-07-06T09:13:18,53.3848433,-6.2601633,57.0,2548.83,16.862,65535,14,16.9,S,Cloudy,0,16
2023-07-06T09:13:19,53.38485,-6.2602208,57.2,2553.02,16.704,65535,14,16.9,S,Cloudy,0,16
2023-07-06T09:13:20,53.3848518,-6.260264,57.2,2555.11,16.69,65535,14,16.9,S,Cloudy,0,16
2023-07-06T09:13:21,53.384853,-6.2603123,57.4,2559.3,16.711,65535,14,16.9,S,Cloudy,0,16
2023-07-06T09:13:22,53.3848588,-6.2603763,57.4,2567.68,15.808,65535,14,16.9,S,Cloudy,0,16
2023-07-06T09:13:23,53.3848618,-6.2604521,57.4,2571.87,14.976,65535,14,16.9,S,Cloudy,0,16
2023-07-06T09:13:24,53.3848656,-6.2605331,57.4,2571.87,14.148,65535,14,16.9,S,Cloudy,0,16
2023-07-06T09:13:25,53.3848685,-6.2606213,57.2,2571.87,14.191,65535,14,16.9,S,Cloudy,0,16
2023-07-06T09:13:26,53.3848678,-6.2607168,57.0,2584.44,15.761,65535,14,16.9,S,Cloudy,0,16
2023-07-06T09:13:27,53.3848661,-6.2608183,57.0,2590.72,18.169,65535,14,16.9,S,Cloudy,0,16
2023-07-06T09:13:28,53.3848628,-6.2609201,56.8,2603.29,21.33,65535,14,16.9,S,Cloudy,0,16
2023-07-06T09:13:29,53.3848615,-6.2610185,56.8,2609.57,22.907,65535,14,16.9,S,Cloudy,0,16
2023-07-06T09:13:30,53.3848576,-6.2611148,56.6,2609.57,23.645,65535,14,16.9,S,Cloudy,0,16
2023-07-06T09:13:31,53.3848535,-6.261212,56.6,2615.85,23.45,65535,14,16.9,S,Cloudy,0,16
2023-07-06T09:13:32,53.3848503,-6.26131,56.6,2630.52,23.202,65535,14,16.9,S,Cloudy,0,16
2023-07-06T09:13:33,53.3848501,-6.2614013,56.6,2630.52,22.943,65535,14,16.9,S,Cloudy,0,16
2023-07-06T09:13:34,53.3848531,-6.2614788,56.8,2634.71,22.961,65535,14,16.9,S,Cloudy,0,16
2023-07-06T09:13:35,53.384866,-6.2615396,57.0,2645.19,22.176,65535,14,16.9,S,Cloudy,0,16
2023-07-06T09:13:36,53.3848831,-6.2615888,57.2,2645.19,21.391,65535,14,16.9,S,Cloudy,0,16
2023-07-06T09:13:37,53.3849113,-6.2616256,57.6,2651.47,18.954,65535,14,16.9,S,Cloudy,0,16
2023-07-06T09:13:38,53.3849481,-6.2616405,57.6,2657.75,16.999,65535,14,16.9,S,Cloudy,0,16
2023-07-06T09:13:39,53.3849925,-6.2616405,57.8,2657.75,15.037,65535,14,16.9,S,Cloudy,0,16
2023-07-06T09:13:40,53.3850393,-6.2616336,57.8,2661.94,14.998,65535,14,16.9,S,Cloudy,0,16
2023-07-06T09:13:41,53.3850881,-6.2616203,57.8,2674.51,16.675,65535,14,16.9,S,Cloudy,0,16
2023-07-06T09:13:42,53.3851385,-6.2616026,57.8,2674.51,18.356,65535,14,16.9,S,Cloudy,0,16
2023-07-06T09:13:43,53.3851906,-6.2615818,57.8,2680.79,20.03,65535,14,16.9,S,Cloudy,0,16
2023-07-06T09:13:44,53.3852435,-6.2615585,57.8,2687.07,20.614,65535,14,16.9,S,Cloudy,0,16
2023-07-06T09:13:45,53.3852941,-6.2615326,57.8,2693.35,21.442,65535,14,16.9,S,Cloudy,0,16
2023-07-06T09:13:46,53.3853508,-6.2615113,57.8,2699.63,22.093,65535,14,16.9,S,Cloudy,0,16
2023-07-06T09:13:47,53.385408,-6.2614928,58.2,2712.2,22.734,65535,14,16.9,S,Cloudy,0,16
2023-07-06T09:13:48,53.3854606,-6.2614821,58.6,2712.2,23.141,65535,14,16.9,S,Cloudy,0,16
2023-07-06T09:13:49,53.3855021,-6.2614748,58.8,2718.48,23.141,65535,14,16.9,S,Cloudy,0,16
2023-07-06T09:13:50,53.3855378,-6.26147,59.2,2722.67,22.446,65535,14,16.9,S,Cloudy,0,16
2023-07-06T09:13:51,53.3855701,-6.261467,59.2,2724.76,21.751,65535,14,16.9,S,Cloudy,0,16
2023-07-06T09:13:52,53.3856005,-6.261469,59.4,2731.04,19.285,65535,14,16.9,S,Cloudy,0,16
2023-07-06T09:13:53,53.3856263,-6.2614686,59.6,2731.04,17.302,65535,14,16.9,S,Cloudy,0,16
2023-07-06T09:13:54,53.3856501,-6.261469,59.6,2735.23,14.537,65535,14,16.9,S,Cloudy,0,16
2023-07-06T09:13:55,53.385668,-6.2614668,59.8,2735.23,13.77,65535,14,16.9,S,Cloudy,0,16
2023-07-06T09:13:56,53.3856916,-6.2614636,59.8,2739.42,12.161,65535,14,16.9,S,Cloudy,0,16
2023-07-06T09:13:57,53.3857216,-6.2614593,59.8,2743.61,11.264,65535,14,16.9,S,Cloudy,0,16
2023-07-06T09:13:58,53.3857551,-6.2614551,60.0,2745.7,10.3,65535,14,16.9,S,Cloudy,0,16
2023-07-06T09:13:59,53.385795,-6.2614516,59.8,2749.89,10.314,65535,14,16.9,S,Cloudy,0,16
2023-07-06T09:14:00,53.385842,-6.261448,59.8,2754.08,10.458,65535,14,16.9,S,Cloudy,0,16
2023-07-06T09:14:01,53.3858951,-6.2614416,59.8,2766.65,13.082,65535,14,16.9,S,Cloudy,0,16
2023-07-06T09:14:02,53.3859458,-6.2614278,59.6,2772.93,16.574,65535,14,16.9,S,Cloudy,0,16
2023-07-06T09:14:03,53.38599,-6.2614178,59.6,2772.93,20.009,65535,14,16.9,S,Cloudy,0,16
2023-07-06T09:14:04,53.3860225,-6.2614113,59.6,2777.12,20.84,65535,14,16.9,S,Cloudy,0,16
2023-07-06T09:14:05,53.3860515,-6.2614065,59.6,2779.21,20.664,65535,14,16.9,S,Cloudy,0,16
2023-07-06T09:14:06,53.3860815,-6.2614038,59.6,2783.4,19.238,65535,14,16.9,S,Cloudy,0,16
2023-07-06T09:14:07,53.3861163,-6.2613915,59.6,2789.68,16.682,65535,14,16.9,S,Cloudy,0,16
2023-07-06T09:14:08,53.3861535,-6.261369,59.4,2789.68,14.123,65535,14,16.9,S,Cloudy,0,16
2023-07-06T09:14:09,53.3861883,-6.2613265,59.4,2795.96,12.69,65535,14,16.9,S,Cloudy,0,16
2023-07-06T09:14:10,53.3862191,-6.2612638,59.0,2806.44,13.655,65535,14,16.9,S,Cloudy,0,16
2023-07-06T09:14:11,53.386246,-6.2611865,58.8,2812.72,15.941,65535,14,16.9,S,Cloudy,0,16
2023-07-06T09:14:12,53.3862735,-6.2611048,58.4,2812.72,18.342,65535,14,16.9,S,Cloudy,0,16
2023-07-06T09:14:13,53.3862985,-6.2610213,58.2,2819.0,20.318,65535,14,16.9,S,Cloudy,0,16
2023-07-06T09:14:14,53.3863211,-6.2609348,57.8,2831.57,21.2,65535,14,16.9,S,Cloudy,0,16
2023-07-06T09:14:15,53.386343,-6.2608451,57.6,2831.57,22.075,65535,14,16.9,S,Cloudy,0,16
2023-07-06T09:14:16,53.3863676,-6.2607575,57.2,2837.85,22.486,65535,14,16.9,S,Cloudy,0,16
2023-07-06T09:14:17,53.3863976,-6.2606765,57.0,2850.42,22.763,65535,14,16.9,S,Cloudy,0,16
2023-07-06T09:14:18,53.386433,-6.2606085,56.8,2850.42,23.036,65535,14,16.9,S,Cloudy,0,16
2023-07-06T09:14:19,53.3864721,-6.26055,56.8,2856.7,22.867,65535,14,16.9,S,Cloudy,0,16
2023-07-06T09:14:20,53.3865138,-6.260498,57.2,2862.98,22.302,65535,14,16.9,S,Cloudy,0,16
2023-07-06T09:14:21,53.386556,-6.2604493,57.4,2867.17,21.524,65535,14,16.9,S,Cloudy,0,16
2023-07-06T09:14:22,53.3865976,-6.2604028,57.4,2879.74,20.682,65535,14,16.9,S,Cloudy,0,16
2023-07-06T09:14:23,53.3866415,-6.2603511,57.4,2879.74,20.153,65535,14,16.9,S,Cloudy,0,16
2023-07-06T09:14:24,53.386686,-6.2602918,57.2,2886.02,19.89,65535,14,16.9,S,Cloudy,0,16
2023-07-06T09:14:25,53.3867293,-6.2602238,57.0,2892.3,20.47,65535,14,16.9,S,Cloudy,0,16
2023-07-06T09:14:26,53.3867733,-6.2601546,56.8,2904.87,21.758,65535,14,16.9,S,Cloudy,0,16
2023-07-06T09:14:27,53.3868151,-6.2600835,56.8,2904.87,22.982,65535,14,16.9,S,Cloudy,0,16
2023-07-06T09:14:28,53.3868485,-6.2600065,57.0,2911.15,23.746,65535,14,16.9,S,Cloudy,0,16
2023-07-06T09:14:29,53.386873,-6.2599208,57.2,2917.43,23.609,65535,14,16.9,S,Cloudy,0,16
2023-07-06T09:14:30,53.38689,-6.2598286,57.4,2923.71,23.314,65535,14,16.9,S,Cloudy,0,16
2023-07-06T09:14:31,53.3869005,-6.259733,57.6,2938.38,23.094,65535,14,16.9,S,Cloudy,0,16
2023-07-06T09:14:32,53.3869033,-6.2596371,57.6,2938.38,23.065,65535,14,16.9,S,Cloudy,0,16
2023-07-06T09:14:33,53.3869015,-6.2595443,57.4,2944.66,23.195,65535,14,16.9,S,Cloudy,0,16
2023-07-06T09:14:34,53.3868955,-6.2594501,57.2,2950.94,23.162,65535,14,16.9,S,Cloudy,0,16
2023-07-06T09:14:35,53.3868873,-6.2593543,57.0,2957.22,23.134,65535,14,16.9,S,Cloudy,0,16
2023-07-06T09:14:36,53.3868783,-6.2592586,56.4,2963.5,23.112,65535,14,16.9,S,Cloudy,0,16
2023-07-06T09:14:37,53.3868705,-6.2591626,56.0,2976.07,23.119,65535,14,16.9,S,Cloudy,0,16
2023-07-06T09:14:38,53.3868698,-6.259065,55.6,2982.35,23.065,65535,14,16.9,S,Cloudy,0,16
2023-07-06T09:14:39,53.3868736,-6.258966,55.4,2982.35,23.011,65535,14,16.9,S,Cloudy,0,16
2023-07-06T09:14:40,53.3868748,-6.258866,55.4,2997.02,23.112,65535,14,16.9,S,Cloudy,0,16
2023-07-06T09:14:41,53.3868701,-6.2587725,55.4,3001.21,23.126,65535,14,16.9,S,Cloudy,0,16
2023-07-06T09:14:42,53.3868633,-6.2586878,55.4,3001.21,23.148,65535,14,16.9,S,Cloudy,0,16
2023-07-06T09:14:43,53.3868561,-6.2586095,55.2,3007.49,22.651,65535,14,16.9,S,Cloudy,0,16
2023-07-06T09:14:44,53.3868461,-6.2585376,55.4,3011.68,21.751,65535,14,16.9,S,Cloudy,0,16
2023-07-06T09:14:45,53.3868323,-6.258473,55.4,3017.96,20.498,65535,14,16.9,S,Cloudy,0,16
2023-07-06T09:14:46,53.3868146,-6.2584143,55.6,3026.34,18.713,65535,14,16.9,S,Cloudy,0,16
2023-07-06T09:14:47,53.3867961,-6.2583588,55.6,3026.34,17.453,65535,14,16.9,S,Cloudy,0,16
2023-07-06T09:14:48,53.386777,-6.2583055,55.8,3030.53,16.283,65535,14,16.9,S,Cloudy,0,16
2023-07-06T09:14:49,53.386758,-6.2582498,55.8,3038.91,15.725,65535,14,16.9,S,Cloudy,0,16
2023-07-06T09:14:50,53.3867388,-6.2581911,56.0,3043.1,15.239,65535,14,16.9,S,Cloudy,0,16
2023-07-06T09:14:51,53.3867233,-6.2581351,56.0,3043.1,15.03,65535,14,16.9,S,Cloudy,0,16
2023-07-06T09:14:52,53.3867111,-6.258094,56.2,3049.38,15.239,65535,14,16.9,S,Cloudy,0,16
2023-07-06T09:14:53,53.3867041,-6.2580625,56.4,3051.47,15.376,65535,14,16.9,S,Cloudy,0,16
2023-07-06T09:14:54,53.3866973,-6.2580426,56.6,3051.47,15.505,65535,14,16.9,S,Cloudy,0,16
2023-07-06T09:14:55,53.386687,-6.2580203,56.8,3053.56,15.505,65535,14,16.9,S,Cloudy,0,16
2023-07-06T09:14:56,53.386678,-6.2580076,57.0,3055.65,14.321,65535,14,16.9,S,Cloudy,0,16
2023-07-06T09:14:57,53.3866618,-6.2580061,57.0,3057.74,12.636,65535,14,16.9,S,Cloudy,0,16
2023-07-06T09:14:58,53.386642,-6.2580176,57.2,3061.93,10.274,65535,14,16.9,S,Cloudy,0,16
2023-07-06T09:14:59,53.3866248,-6.258035,57.2,3061.93,9.097,65535,14,16.9,S,Cloudy,0,16
2023-07-06T09:15:00,53.3866053,-6.2580618,57.4,3064.02,8.255,65535,14,16.9,S,Cloudy,0,16
2023-07-06T09:15:01,53.38658,-6.258099,57.4,3072.4,8.086,65535,14,16.9,S,Cloudy,0,16
2023-07-06T09:15:02,53.3865566,-6.2581458,57.6,3076.59,8.608,65535,14,16.9,S,Cloudy,0,16
2023-07-06T09:15:03,53.3865335,-6.2582023,57.6,3076.59,9.302,65535,14,16.9,S,Cloudy,0,16
2023-07-06T09:15:04,53.3865101,-6.2582663,57.6,3084.97,11.966,65535,14,16.9,S,Cloudy,0,16
2023-07-06T09:15:05,53.3864805,-6.2583311,57.4,3091.25,14.508,65535,14,16.9,S,Cloudy,0,16
2023-07-06T09:15:06,53.3864423,-6.2583865,57.2,3091.25,17.05,65535,14,16.9,S,Cloudy,0,16
2023-07-06T09:15:07,53.3863968,-6.2584098,56.8,3097.53,18.281,65535,14,16.9,S,Cloudy,0,16
2023-07-06T09:15:08,53.3863478,-6.2584166,56.2,3108.01,18.756,65535,14,16.9,S,Cloudy,0,16
2023-07-06T09:15:09,53.3863013,-6.258426,55.8,3108.01,19.231,65535,14,16.9,S,Cloudy,0,16
2023-07-06T09:15:10,53.386259,-6.2584386,55.6,3112.2,18.832,65535,14,16.9,S,Cloudy,0,16
2023-07-06T09:15:11,53.386214,-6.2584331,55.6,3118.48,18.72,65535,14,16.9,S,Cloudy,0,16
2023-07-06T09:15:12,53.3861685,-6.2584053,55.8,3122.67,18.659,65535,14,16.9,S,Cloudy,0,16
2023-07-06T09:15:13,53.3861265,-6.2583608,56.0,3122.67,18.817,65535,14,16.9,S,Cloudy,0,16
2023-07-06T09:15:14,53.3860876,-6.2583031,56.4,3141.53,19.361,65535,14,16.9,S,Cloudy,0,16
2023-07-06T09:15:15,53.386056,-6.2582221,56.6,3141.53,19.865,65535,14,16.9,S,Cloudy,0,16
2023-07-06T09:15:16,53.3860248,-6.2581393,56.8,3147.81,20.635,65535,14,16.9,S,Cloudy,0,16
2023-07-06T09:15:17,53.3859936,-6.2580521,56.8,3160.38,21.586,65535,14,16.9,S,Cloudy,0,16
2023-07-06T09:15:18,53.385963,-6.257964,56.8,3160.38,22.529,65535,14,16.9,S,Cloudy,0,16
2023-07-06T09:15:19,53.3859338,-6.2578788,56.8,3166.66,23.396,65535,14,16.9,S,Cloudy,0,16
2023-07-06T09:15:20,53.3859045,-6.2577953,57.0,3179.23,23.346,65535,14,16.9,S,Cloudy,0,16
2023-07-06T09:15:21,53.3858745,-6.2577118,57.0,3179.23,23.285,65535,14,16.9,S,Cloudy,0,16
2023-07-06T09:15:22,53.3858405,-6.2576278,57.0,3185.51,22.936,65535,14,16.9,S,Cloudy,0,16
2023-07-06T09:15:23,53.3858073,-6.2575458,57.0,3191.79,22.846,65535,14,16.9,S,Cloudy,0,16
2023-07-06T09:15:24,53.3857741,-6.2574631,57.0,3200.17,22.824,65535,14,16.9,S,Cloudy,0,16
2023-07-06T09:15:25,53.3857415,-6.2573786,57.2,3200.17,22.914,65535,14,16.9,S,Cloudy,0,16
2023-07-06T09:15:26,53.3857106,-6.2572945,57.2,3212.74,23.087,65535,14,16.9,S,Cloudy,0,16
2023-07-06T09:15:27,53.3856796,-6.2572123,57.4,3219.02,23.155,65535,14,16.9,S,Cloudy,0,16
2023-07-06T09:15:28,53.3856516,-6.2571393,57.6,3225.3,23.202,65535,14,16.9,S,Cloudy,0,16
2023-07-06T09:15:29,53.3856296,-6.2570723,57.6,3235.78,22.468,65535,14,16.9,S,Cloudy,0,16
2023-07-06T09:15:30,53.3856231,-6.2570111,57.8,3235.78,21.766,65535,14,16.9,S,Cloudy,0,16
2023-07-06T09:15:31,53.3856325,-6.256954,57.8,3239.97,20.408,65535,14,16.9,S,Cloudy,0,16
2023-07-06T09:15:32,53.3856481,-6.2569033,58.0,3246.25,18.583,65535,14,16.9,S,Cloudy,0,16
2023-07-06T09:15:33,53.3856706,-6.2568566,58.2,3246.25,16.758,65535,14,16.9,S,Cloudy,0,16
2023-07-06T09:15:34,53.3856996,-6.2568123,58.2,3250.44,15.271,65535,14,16.9,S,Cloudy,0,16
2023-07-06T09:15:35,53.3857283,-6.25677,58.4,3254.63,14.922,65535,14,16.9,S,Cloudy,0,16
2023-07-06T09:15:36,53.3857541,-6.2567291,58.4,3258.82,14.652,65535,14,16.9,S,Cloudy,0,16
2023-07-06T09:15:37,53.3857763,-6.256686,58.4,3263.01,14.728,65535,14,16.9,S,Cloudy,0,16
2023-07-06T09:15:38,53.3858035,-6.2566556,58.4,3269.29,14.404,65535,14,16.9,S,Cloudy,0,16
2023-07-06T09:15:39,53.3858311,-6.2566335,58.6,3269.29,14.004,65535,14,16.9,S,Cloudy,0,16
2023-07-06T09:15:40,53.385863,-6.2566086,58.6,3273.48,13.406,65535,14,16.9,S,Cloudy,0,16
2023-07-06T09:15:41,53.3858963,-6.2565828,58.6,3279.76,12.931,65535,14,16.9,S,Cloudy,0,16
2023-07-06T09:15:42,53.3859211,-6.2565568,58.6,3279.76,12.449,65535,14,16.9,S,Cloudy,0,16
2023-07-06T09:15:43,53.3859351,-6.2565465,58.6,3283.95,12.319,65535,14,16.9,S,Cloudy,0,16
2023-07-06T09:15:44,53.3859513,-6.2565108,58.6,3290.23,12.661,65535,14,16.9,S,Cloudy,0,16
2023-07-06T09:15:45,53.385945,-6.2564771,58.4,3290.23,13.014,65535,14,16.9,S,Cloudy,0,16
2023-07-06T09:15:46,53.385932,-6.2564375,58.2,3294.42,13.082,65535,14,16.9,S,Cloudy,0,16
2023-07-06T09:15:47,53.38592,-6.25638,57.8,3304.9,13.028,65535,14,16.9,S,Cloudy,0,16
2023-07-06T09:15:48,53.3858993,-6.2563133,57.6,3304.9,12.978,65535,14,16.9,S,Cloudy,0,16
2023-07-06T09:15:49,53.3858763,-6.2562401,57.4,3309.09,13.669,65535,14,16.9,S,Cloudy,0,16
2023-07-06T09:15:50,53.3858488,-6.2561608,57.4,3315.37,14.612,65535,14,16.9,S,Cloudy,0,16
2023-07-06T09:15:51,53.3858215,-6.2560813,57.4,3321.65,16.553,65535,14,16.9,S,Cloudy,0,16
2023-07-06T09:15:52,53.3857968,-6.256006,57.4,3327.93,18.644,65535,14,16.9,S,Cloudy,0,16
2023-07-06T09:15:53,53.3857731,-6.2559275,57.6,3334.21,20.423,65535,14,16.9,S,Cloudy,0,16
2023-07-06T09:15:54,53.3857531,-6.2558486,57.6,3338.4,20.891,65535,14,16.9,S,Cloudy,0,16
2023-07-06T09:15:55,53.3857336,-6.2557721,57.6,3344.68,20.506,65535,14,16.9,S,Cloudy,0,16
2023-07-06T09:15:56,53.3857103,-6.255698,57.6,3355.16,19.739,65535,14,16.9,S,Cloudy,0,16
2023-07-06T09:15:57,53.3856846,-6.2556191,57.6,3355.16,19.285,65535,14,16.9,S,Cloudy,0,16
2023-07-06T09:15:58,53.3856561,-6.255539,57.6,3361.44,19.17,65535,14,16.9,S,Cloudy,0,16
2023-07-06T09:15:59,53.3856208,-6.2554553,57.6,3367.72,20.056,65535,14,16.9,S,Cloudy,0,16
2023-07-06T09:16:00,53.3855845,-6.2553701,57.4,3374.0,21.301,65535,14,16.9,S,Cloudy,0,16
2023-07-06T09:16:01,53.3855476,-6.2552851,57.0,3380.28,22.424,65535,14,16.9,S,Cloudy,0,16
2023-07-06T09:16:02,53.3855148,-6.255203,56.6,3386.56,22.99,65535,14,16.9,S,Cloudy,0,16
2023-07-06T09:16:03,53.3854835,-6.2551231,56.2,3392.84,23.188,65535,14,16.9,S,Cloudy,0,16
2023-07-06T09:16:04,53.3854548,-6.2550423,56.4,3399.12,23.112,65535,14,16.9,S,Cloudy,0,16
2023-07-06T09:16:05,53.3854308,-6.2549635,56.4,3405.4,22.784,65535,14,16.9,S,Cloudy,0,16
2023-07-06T09:16:06,53.385426,-6.2548736,56.6,3411.68,22.37,65535,14,16.9,S,Cloudy,0,16
2023-07-06T09:16:07,53.385432,-6.2547846,56.6,3417.96,22.0,65535,14,16.9,S,Cloudy,0,16
2023-07-06T09:16:08,53.3854316,-6.2546993,56.4,3424.24,21.51,65535,14,16.9,S,Cloudy,0,16
2023-07-06T09:16:09,53.3854233,-6.2546173,56.2,3428.43,20.855,65535,14,16.9,S,Cloudy,0,16
2023-07-06T09:16:10,53.3854161,-6.2545355,56.2,3434.71,20.146,65535,14,16.9,S,Cloudy,0,16
2023-07-06T09:16:11,53.3854103,-6.2544598,56.2,3443.09,19.314,65535,14,16.9,S,Cloudy,0,16
2023-07-06T09:16:12,53.3854071,-6.2543861,56.4,3443.09,18.749,65535,14,16.9,S,Cloudy,0,16
2023-07-06T09:16:13,53.3853961,-6.2543183,56.4,3449.37,18.13,65535,14,16.9,S,Cloudy,0,16
2023-07-06T09:16:14,53.3853783,-6.2542575,56.4,3457.75,17.618,65535,14,16.9,S,Cloudy,0,16
2023-07-06T09:16:15,53.3853555,-6.2541988,56.4,3457.75,17.111,65535,14,16.9,S,Cloudy,0,16
2023-07-06T09:16:16,53.3853306,-6.2541368,56.6,3461.94,16.574,65535,14,16.9,S,Cloudy,0,16
2023-07-06T09:16:17,53.3853046,-6.2540686,56.4,3472.42,16.668,65535,14,16.9,S,Cloudy,0,16
2023-07-06T09:16:18,53.3852788,-6.2539983,56.4,3472.42,16.751,65535,14,16.9,S,Cloudy,0,16
2023-07-06T09:16:19,53.385254,-6.2539303,56.2,3478.7,17.647,65535,14,16.9,S,Cloudy,0,16
2023-07-06T09:16:20,53.385227,-6.253872,56.0,3489.18,18.115,65535,14,16.9,S,Cloudy,0,16
2023-07-06T09:16:21,53.385194,-6.2538241,56.0,3489.18,18.59,65535,14,16.9,S,Cloudy,0,16
2023-07-06T09:16:22,53.3851553,-6.2537806,56.0,3493.37,18.176,65535,14,16.9,S,Cloudy,0,16
2023-07-06T09:16:23,53.3851123,-6.2537413,55.8,3499.65,17.921,65535,14,16.9,S,Cloudy,0,16
2023-07-06T09:16:24,53.3850686,-6.2537016,55.8,3503.84,18.068,65535,14,16.9,S,Cloudy,0,16
2023-07-06T09:16:25,53.3850263,-6.2536495,55.8,3510.12,18.9,65535,14,16.9,S,Cloudy,0,16
2023-07-06T09:16:26,53.3849903,-6.2535806,56.0,3522.69,20.038,65535,14,16.9,S,Cloudy,0,16
2023-07-06T09:16:27,53.3849628,-6.2534971,56.0,3522.69,20.779,65535,14,16.9,S,Cloudy,0,16
2023-07-06T09:16:28,53.3849368,-6.2534096,56.0,3528.97,21.42,65535,14,16.9,S,Cloudy,0,16
2023-07-06T09:16:29,53.384908,-6.253325,55.6,3535.25,21.852,65535,14,16.9,S,Cloudy,0,16
2023-07-06T09:16:30,53.3848776,-6.2532428,55.2,3541.53,22.334,65535,14,16.9,S,Cloudy,0,16
2023-07-06T09:16:31,53.384846,-6.253172,54.8,3547.81,22.529,65535,14,16.9,S,Cloudy,0,16
2023-07-06T09:16:32,53.3848101,-6.2531171,54.6,3554.09,22.363,65535,14,16.9,S,Cloudy,0,16
2023-07-06T09:16:33,53.3847723,-6.2530828,54.4,3558.28,21.517,65535,14,16.9,S,Cloudy,0,16
2023-07-06T09:16:34,53.3847271,-6.2530718,54.2,3564.56,20.394,65535,14,16.9,S,Cloudy,0,16
2023-07-06T09:16:35,53.3846778,-6.2530783,53.8,3568.75,19.321,65535,14,16.9,S,Cloudy,0,16
2023-07-06T09:16:36,53.3846255,-6.2530886,53.6,3575.03,18.983,65535,14,16.9,S,Cloudy,0,16
2023-07-06T09:16:37,53.3845691,-6.2531,53.2,3581.31,19.231,65535,14,16.9,S,Cloudy,0,16
2023-07-06T09:16:38,53.3845108,-6.2531141,53.0,3587.59,20.146,65535,14,16.9,S,Cloudy,0,16
2023-07-06T09:16:39,53.3844511,-6.2531276,52.8,3593.87,21.398,65535,14,16.9,S,Cloudy,0,16
2023-07-06T09:16:40,53.3843913,-6.25314,53.0,3600.15,22.536,65535,14,16.9,S,Cloudy,0,16
2023-07-06T09:16:41,53.3843328,-6.2531505,53.0,3612.72,23.209,65535,14,16.9,S,Cloudy,0,16
2023-07-06T09:16:42,53.3842758,-6.2531621,53.2,3612.72,23.418,65535,14,16.9,S,Cloudy,0,16
2023-07-06T09:16:43,53.3842188,-6.2531723,53.0,3619.0,23.26,65535,14,16.9,S,Cloudy,0,16
2023-07-06T09:16:44,53.384161,-6.2531838,53.0,3633.67,23.026,65535,14,16.9,S,Cloudy,0,16
2023-07-06T09:16:45,53.384105,-6.2531973,52.8,3633.67,22.784,65535,14,16.9,S,Cloudy,0,16
2023-07-06T09:16:46,53.3840495,-6.2532088,53.0,3639.95,22.77,65535,14,16.9,S,Cloudy,0,16
2023-07-06T09:16:47,53.3839938,-6.2532206,53.2,3646.23,22.687,65535,14,16.9,S,Cloudy,0,16
2023-07-06T09:16:48,53.3839371,-6.2532328,53.4,3652.51,22.59,65535,14,16.9,S,Cloudy,0,16
2023-07-06T09:16:49,53.3838795,-6.2532465,53.6,3658.79,22.514,65535,14,16.9,S,Cloudy,0,16
2023-07-06T09:16:50,53.3838216,-6.2532643,54.0,3671.36,22.741,65535,14,16.9,S,Cloudy,0,16
2023-07-06T09:16:51,53.3837655,-6.2532925,54.2,3671.36,22.99,65535,14,16.9,S,Cloudy,0,16
2023-07-06T09:16:52,53.3837123,-6.2533336,54.4,3677.64,23.245,65535,14,16.9,S,Cloudy,0,16
2023-07-06T09:16:53,53.3836603,-6.25338,54.6,3690.21,23.224,65535,14,16.9,S,Cloudy,0,16
2023-07-06T09:16:54,53.3836086,-6.253426,54.6,3690.21,23.195,65535,14,16.9,S,Cloudy,0,16
2023-07-06T09:16:55,53.3835588,-6.2534748,54.8,3696.49,23.177,65535,14,16.9,S,Cloudy,0,16
2023-07-06T09:16:56,53.3835138,-6.253534,54.8,3709.06,23.094,65535,14,16.9,S,Cloudy,0,16
2023-07-06T09:16:57,53.383479,-6.2536005,54.8,3709.06,23.011,65535,14,16.9,S,Cloudy,0,16
2023-07-06T09:16:58,53.3834581,-6.2536748,54.8,3715.34,22.756,65535,14,16.9,S,Cloudy,0,16
2023-07-06T09:16:59,53.383451,-6.2537533,55.0,3721.62,22.158,65535,14,16.9,S,Cloudy,0,16
2023-07-06T09:17:00,53.3834576,-6.2538298,55.0,3725.81,21.208,65535,14,16.9,S,Cloudy,0,16
2023-07-06T09:17:01,53.3834753,-6.2539008,55.2,3732.09,20.092,65535,14,16.9,S,Cloudy,0,16
2023-07-06T09:17:02,53.3835013,-6.2539726,55.2,3736.28,19.292,65535,14,16.9,S,Cloudy,0,16
2023-07-06T09:17:03,53.3835316,-6.2540485,55.4,3742.56,18.839,65535,14,16.9,S,Cloudy,0,16
2023-07-06T09:17:04,53.3835635,-6.2541313,55.4,3748.84,19.127,65535,14,16.9,S,Cloudy,0,16
2023-07-06T09:17:05,53.3835958,-6.2542166,55.4,3757.22,20.311,65535,14,16.9,S,Cloudy,0,16
2023-07-06T09:17:06,53.3836288,-6.2542996,55.4,3763.5,22.018,65535,14,16.9,S,Cloudy,0,16
2023-07-06T09:17:07,53.38366,-6.2543825,55.2,3769.78,23.328,65535,14,16.9,S,Cloudy,0,16
2023-07-06T09:17:08,53.383689,-6.2544636,55.2,3776.06,23.677,65535,14,16.9,S,Cloudy,0,16
2023-07-06T09:17:09,53.3837185,-6.2545426,55.0,3788.63,23.148,65535,14,16.9,S,Cloudy,0,16
2023-07-06T09:17:10,53.3837513,-6.2546213,55.0,3788.63,22.568,65535,14,16.9,S,Cloudy,0,16
2023-07-06T09:17:11,53.3837846,-6.2547043,55.0,3794.91,22.316,65535,14,16.9,S,Cloudy,0,16
2023-07-06T09:17:12,53.3838181,-6.2547876,55.0,3801.19,22.694,65535,14,16.9,S,Cloudy,0,16
2023-07-06T09:17:13,53.3838461,-6.2548733,55.0,3807.47,23.188,65535,14,16.9,S,Cloudy,0,16
2023-07-06T09:17:14,53.3838605,-6.2549576,55.0,3813.75,23.548,65535,14,16.9,S,Cloudy,0,16
2023-07-06T09:17:15,53.3838611,-6.2550401,55.0,3820.03,23.209,65535,14,16.9,S,Cloudy,0,16
2023-07-06T09:17:16,53.3838515,-6.2551178,55.0,3820.03,22.763,65535,14,16.9,S,Cloudy,0,16
2023-07-06T09:17:17,53.383834,-6.2551888,55.2,3830.51,21.233,65535,14,16.9,S,Cloudy,0,16
2023-07-06T09:17:18,53.3838121,-6.255259,55.2,3834.7,19.919,65535,14,16.9,S,Cloudy,0,16
2023-07-06T09:17:19,53.3837838,-6.2553325,55.2,3840.98,18.529,65535,14,16.9,S,Cloudy,0,16
2023-07-06T09:17:20,53.3837555,-6.2554131,55.0,3847.26,18.644,65535,14,16.9,S,Cloudy,0,16
2023-07-06T09:17:21,53.3837261,-6.2554981,55.0,3859.83,20.023,65535,14,16.9,S,Cloudy,0,16
2023-07-06T09:17:22,53.3836975,-6.2555863,54.8,3859.83,21.467,65535,14,16.9,S,Cloudy,0,16
2023-07-06T09:17:23,53.3836695,-6.2556743,54.8,3866.11,22.853,65535,14,16.9,S,Cloudy,0,16
2023-07-06T09:17:24,53.383641,-6.2557593,54.8,3880.78,23.101,65535,14,16.9,S,Cloudy,0,16
2023-07-06T09:17:25,53.3836123,-6.2558416,54.8,3880.78,23.36,65535,14,16.9,S,Cloudy,0,16
2023-07-06T09:17:26,53.3835831,-6.2559236,54.8,3887.06,23.094,65535,14,16.9,S,Cloudy,0,16
2023-07-06T09:17:27,53.3835573,-6.2560108,54.8,3893.34,22.838,65535,14,16.9,S,Cloudy,0,16
2023-07-06T09:17:28,53.3835333,-6.2561015,54.6,3899.62,22.68,65535,14,16.9,S,Cloudy,0,16
2023-07-06T09:17:29,53.383507,-6.2561905,54.4,3905.9,22.86,65535,14,16.9,S,Cloudy,0,16
2023-07-06T09:17:30,53.3834816,-6.2562776,54.4,3912.18,23.195,65535,14,16.9,S,Cloudy,0,16
2023-07-06T09:17:31,53.3834541,-6.2563673,54.2,3918.46,23.328,65535,14,16.9,S,Cloudy,0,16
2023-07-06T09:17:32,53.3834265,-6.2564491,54.2,3924.74,23.216,65535,14,16.9,S,Cloudy,0,16
2023-07-06T09:17:33,53.383404,-6.2565163,54.4,3935.22,22.612,65535,14,16.9,S,Cloudy,0,16
2023-07-06T09:17:34,53.3833876,-6.2565713,54.4,3935.22,22.108,65535,14,16.9,S,Cloudy,0,16
2023-07-06T09:17:35,53.3833793,-6.2566168,54.6,3939.41,21.33,65535,14,16.9,S,Cloudy,0,16
2023-07-06T09:17:36,53.3833823,-6.2566565,54.6,3945.69,18.796,65535,14,16.9,S,Cloudy,0,16
2023-07-06T09:17:37,53.3833963,-6.2566953,54.8,3945.69,16.265,65535,14,16.9,S,Cloudy,0,16
2023-07-06T09:17:38,53.383417,-6.2567396,54.8,3947.78,13.475,65535,14,16.9,S,Cloudy,0,16
2023-07-06T09:17:39,53.3834396,-6.2567913,54.8,3956.16,12.65,65535,14,16.9,S,Cloudy,0,16
2023-07-06T09:17:40,53.3834641,-6.256849,54.8,3956.16,11.837,65535,14,16.9,S,Cloudy,0,16
2023-07-06T09:17:41,53.383493,-6.2569086,54.8,3956.16,11.642,65535,14,16.9,S,Cloudy,0,16
2023-07-06T09:17:42,53.3835253,-6.2569648,54.8,3966.64,13.158,65535,14,16.9,S,Cloudy,0,16
2023-07-06T09:17:43,53.3835608,-6.2570091,54.8,3972.92,15.383,65535,14,16.9,S,Cloudy,0,16
2023-07-06T09:17:44,53.3835978,-6.257038,54.8,3977.11,17.633,65535,14,16.9,S,Cloudy,0,16
2023-07-06T09:17:45,53.3836353,-6.2570528,54.8,3985.49,17.752,65535,14,16.9,S,Cloudy,0,16
2023-07-06T09:17:46,53.3836726,-6.25706,54.8,3985.49,17.165,65535,14,16.9,S,Cloudy,0,16
2023-07-06T09:17:47,53.3837075,-6.2570516,54.8,3989.68,16.319,65535,14,16.9,S,Cloudy,0,16
2023-07-06T09:17:48,53.3837351,-6.2570266,55.0,3998.06,15.548,65535,14,16.9,S,Cloudy,0,16
2023-07-06T09:17:49,53.383752,-6.256992,55.2,3998.06,14.771,65535,14,16.9,S,Cloudy,0,16
2023-07-06T09:17:50,53.3837536,-6.2569528,55.4,4000.15,14.177,65535,14,16.9,S,Cloudy,0,16
2023-07-06T09:17:51,53.3837471,-6.2569208,55.6,4004.34,13.687,65535,14,16.9,S,Cloudy,0,16
2023-07-06T09:17:52,53.383732,-6.2569016,55.8,4004.34,13.194,65535,14,16.9,S,Cloudy,0,16
2023-07-06T09:17:53,53.3837136,-6.2568941,55.8,4006.43,12.344,65535,14,16.9,S,Cloudy,0,16
2023-07-06T09:17:54,53.3836898,-6.2568843,56.0,4010.62,11.408,65535,14,16.9,S,Cloudy,0,16
2023-07-06T09:17:55,53.383658,-6.2568708,56.2,4012.71,10.199,65535,14,16.9,S,Cloudy,0,16
2023-07-06T09:17:56,53.3836186,-6.2568581,56.0,4012.71,9.4,65535,14,16.9,S,Cloudy,0,16
2023-07-06T09:17:57,53.3835728,-6.2568381,55.6,4027.38,10.224,65535,14,16.9,S,Cloudy,0,16
2023-07-06T09:17:58,53.3835241,-6.2568058,55.4,4027.38,11.333,65535,14,16.9,S,Cloudy,0,16
2023-07-06T09:17:59,53.3834776,-6.256767,55.0,4033.66,14.548,65535,14,16.9,S,Cloudy,0,16
2023-07-06T09:18:00,53.3834361,-6.2567288,54.8,4044.14,16.931,65535,14,16.9,S,Cloudy,0,16
2023-07-06T09:18:01,53.3834008,-6.2566901,54.8,4044.14,19.321,65535,14,16.9,S,Cloudy,0,16
2023-07-06T09:18:02,53.3833751,-6.256645,54.8,4048.33,19.094,65535,14,16.9,S,Cloudy,0,16
2023-07-06T09:18:03,53.3833621,-6.2565925,54.6,4056.71,17.647,65535,14,16.9,S,Cloudy,0,16
2023-07-06T09:18:04,53.383363,-6.2565421,54.6,4056.71,16.193,65535,14,16.9,S,Cloudy,0,16
2023-07-06T09:18:05,53.3833736,-6.2564918,54.8,4058.8,14.998,65535,14,16.9,S,Cloudy,0,16
2023-07-06T09:18:06,53.3833918,-6.2564375,54.8,4067.18,14.378,65535,14,16.9,S,Cloudy,0,16
2023-07-06T09:18:07,53.3834163,-6.2563791,54.8,4067.18,13.756,65535,14,16.9,S,Cloudy,0,16
2023-07-06T09:18:08,53.383445,-6.2563163,54.8,4073.46,13.738,65535,14,16.9,S,Cloudy,0,16
2023-07-06T09:18:09,53.383474,-6.2562491,54.8,4077.65,14.893,65535,14,16.9,S,Cloudy,0,16
2023-07-06T09:18:10,53.3835036,-6.2561761,54.6,4083.93,16.697,65535,14,16.9,S,Cloudy,0,16
2023-07-06T09:18:11,53.3835335,-6.2560951,54.6,4090.21,18.673,65535,14,16.9,S,Cloudy,0,16
2023-07-06T09:18:12,53.3835631,-6.2560091,54.4,4096.49,20.243,65535,14,16.9,S,Cloudy,0,16
2023-07-06T09:18:13,53.3835923,-6.255922,54.2,4102.77,21.607,65535,14,16.9,S,Cloudy,0,16
2023-07-06T09:18:14,53.3836238,-6.2558388,54.2,4111.15,22.658,65535,14,16.9,S,Cloudy,0,16
2023-07-06T09:18:15,53.3836566,-6.2557578,54.2,4123.72,23.141,65535,14,16.9,S,Cloudy,0,16
2023-07-06T09:18:16,53.3836871,-6.2556761,54.2,4123.72,23.195,65535,14,16.9,S,Cloudy,0,16
2023-07-06T09:18:17,53.3837171,-6.2555933,54.0,4130.0,22.975,65535,14,16.9,S,Cloudy,0,16
2023-07-06T09:18:18,53.3837471,-6.25551,54.0,4136.28,22.867,65535,14,16.9,S,Cloudy,0,16
2023-07-06T09:18:19,53.383776,-6.255425,54.0,4142.56,22.784,65535,14,16.9,S,Cloudy,0,16
2023-07-06T09:18:20,53.3838048,-6.2553385,54.0,4148.84,22.867,65535,14,16.9,S,Cloudy,0,16
2023-07-06T09:18:21,53.3838331,-6.2552518,54.0,4155.12,23.087,65535,14,16.9,S,Cloudy,0,16
2023-07-06T09:18:22,53.3838595,-6.2551673,54.0,4161.4,23.278,65535,14,16.9,S,Cloudy,0,16
2023-07-06T09:18:23,53.3838795,-6.255088,54.2,4167.68,23.224,65535,14,16.9,S,Cloudy,0,16
2023-07-06T09:18:24,53.3838886,-6.2550098,54.4,4178.16,21.992,65535,14,16.9,S,Cloudy,0,16
2023-07-06T09:18:25,53.383885,-6.2549365,54.8,4178.16,20.765,65535,14,16.9,S,Cloudy,0,16
2023-07-06T09:18:26,53.3838706,-6.2548688,55.0,4182.35,19.321,65535,14,16.9,S,Cloudy,0,16
2023-07-06T09:18:27,53.3838491,-6.2548045,55.2,4192.83,18.59,65535,14,16.9,S,Cloudy,0,16
2023-07-06T09:18:28,53.3838228,-6.2547363,55.2,4192.83,17.852,65535,14,16.9,S,Cloudy,0,16
2023-07-06T09:18:29,53.3837945,-6.2546638,55.2,4199.11,17.752,65535,14,16.9,S,Cloudy,0,16
2023-07-06T09:18:30,53.3837665,-6.2545858,55.2,4211.68,18.936,65535,14,16.9,S,Cloudy,0,16
2023-07-06T09:18:31,53.3837383,-6.2545055,55.2,4211.68,20.113,65535,14,16.9,S,Cloudy,0,16
2023-07-06T09:18:32,53.3837073,-6.2544235,55.0,4217.96,21.352,65535,14,16.9,S,Cloudy,0,16
2023-07-06T09:18:33,53.3836746,-6.2543406,54.8,4224.24,21.841,65535,14,16.9,S,Cloudy,0,16
2023-07-06T09:18:34,53.383642,-6.2542561,55.0,4230.52,22.46,65535,14,16.9,S,Cloudy,0,16
2023-07-06T09:18:35,53.383609,-6.254175,55.2,4236.8,22.968,65535,14,16.9,S,Cloudy,0,16
2023-07-06T09:18:36,53.3835765,-6.2540943,55.2,4249.37,23.119,65535,14,16.9,S,Cloudy,0,16
2023-07-06T09:18:37,53.3835463,-6.2540108,55.0,4249.37,23.148,65535,14,16.9,S,Cloudy,0,16
2023-07-06T09:18:38,53.3835175,-6.2539258,54.8,4257.75,22.921,65535,14,16.9,S,Cloudy,0,16
2023-07-06T09:18:39,53.3834936,-6.2538475,54.6,4268.23,22.543,65535,14,16.9,S,Cloudy,0,16
2023-07-06T09:18:40,53.3834795,-6.2537763,54.8,4268.23,22.158,65535,14,16.9,S,Cloudy,0,16
2023-07-06T09:18:41,53.3834766,-6.2537083,54.8,4272.42,21.715,65535,14,16.9,S,Cloudy,0,16
2023-07-06T09:18:42,53.3834838,-6.2536461,55.0,4276.61,21.035,65535,14,16.9,S,Cloudy,0,16
2023-07-06T09:18:43,53.3835028,-6.253586,55.0,4280.8,19.588,65535,14,16.9,S,Cloudy,0,16
2023-07-06T09:18:44,53.3835323,-6.2535301,55.2,4287.08,17.77,65535,14,16.9,S,Cloudy,0,16
2023-07-06T09:18:45,53.3835703,-6.2534806,55.2,4291.27,16.697,65535,14,16.9,S,Cloudy,0,16
2023-07-06T09:18:46,53.3836143,-6.2534346,55.2,4297.55,16.916,65535,14,16.9,S,Cloudy,0,16
2023-07-06T09:18:47,53.3836626,-6.2533855,55.2,4303.83,18.191,65535,14,16.9,S,Cloudy,0,16
2023-07-06T09:18:48,53.3837145,-6.2533375,55.2,4310.11,19.796,65535,14,16.9,S,Cloudy,0,16
2023-07-06T09:18:49,53.3837705,-6.2532961,55.2,4316.39,21.301,65535,14,16.9,S,Cloudy,0,16
2023-07-06T09:18:50,53.3838295,-6.2532686,55.0,4322.67,22.536,65535,14,16.9,S,Cloudy,0,16
2023-07-06T09:18:51,53.3838896,-6.253252,55.0,4331.05,23.436,65535,14,16.9,S,Cloudy,0,16
2023-07-06T09:18:52,53.3839496,-6.2532416,55.0,4337.33,23.933,65535,14,16.9,S,Cloudy,0,16
2023-07-06T09:18:53,53.3840101,-6.2532278,55.0,4343.61,24.044,65535,14,16.9,S,Cloudy,0,16
2023-07-06T09:18:54,53.3840706,-6.2532088,54.8,4349.89,24.055,65535,14,16.9,S,Cloudy,0,16
2023-07-06T09:18:55,53.3841303,-6.2531875,54.6,4349.89,24.03,65535,14,16.9,S,Cloudy,0,16
2023-07-06T09:18:56,53.3841911,-6.2531671,54.6,4364.56,24.077,65535,14,16.9,S,Cloudy,0,16
2023-07-06T09:18:57,53.3842506,-6.2531511,54.4,4370.84,24.221,65535,14,16.9,S,Cloudy,0,16
2023-07-06T09:18:58,53.3843083,-6.2531388,54.4,4377.12,24.361,65535,14,16.9,S,Cloudy,0,16
2023-07-06T09:18:59,53.3843643,-6.2531295,54.2,4383.4,24.196,65535,14,16.9,S,Cloudy,0,16
2023-07-06T09:19:00,53.3844185,-6.2531215,54.2,4389.68,23.587,65535,14,16.9,S,Cloudy,0,16
2023-07-06T09:19:01,53.3844698,-6.2531128,54.2,4395.96,22.709,65535,14,16.9,S,Cloudy,0,16
2023-07-06T09:19:02,53.3845203,-6.2531023,54.2,4402.24,21.827,65535,14,16.9,S,Cloudy,0,16
2023-07-06T09:19:03,53.384574,-6.253088,54.2,4406.43,21.067,65535,14,16.9,S,Cloudy,0,16
2023-07-06T09:19:04,53.3846298,-6.2530668,54.2,4412.71,20.675,65535,14,16.9,S,Cloudy,0,16
2023-07-06T09:19:05,53.3846865,-6.2530506,54.2,4421.09,21.02,65535,14,16.9,S,Cloudy,0,16
2023-07-06T09:19:06,53.3847443,-6.2530565,54.2,4427.37,21.949,65535,14,16.9,S,Cloudy,0,16
2023-07-06T09:19:07,53.3847971,-6.2530901,54.4,4427.37,22.784,65535,14,16.9,S,Cloudy,0,16
2023-07-06T09:19:08,53.384842,-6.253146,54.8,4439.94,23.148,65535,14,16.9,S,Cloudy,0,16
2023-07-06T09:19:09,53.3848801,-6.2532183,55.0,4446.22,22.817,65535,14,16.9,S,Cloudy,0,16
2023-07-06T09:19:10,53.3849136,-6.2532995,55.2,4452.5,22.522,65535,14,16.9,S,Cloudy,0,16
2023-07-06T09:19:11,53.3849431,-6.2533846,55.6,4458.78,22.493,65535,14,16.9,S,Cloudy,0,16
2023-07-06T09:19:12,53.3849705,-6.25347,55.6,4465.06,22.838,65535,14,16.9,S,Cloudy,0,16
2023-07-06T09:19:13,53.3849985,-6.2535528,55.4,4471.34,23.141,65535,14,16.9,S,Cloudy,0,16
2023-07-06T09:19:14,53.3850293,-6.2536276,55.6,4477.62,23.087,65535,14,16.9,S,Cloudy,0,16
2023-07-06T09:19:15,53.3850578,-6.2536855,55.8,4483.9,22.709,65535,14,16.9,S,Cloudy,0,16
2023-07-06T09:19:16,53.385085,-6.2537218,56.2,4488.09,22.212,65535,14,16.9,S,Cloudy,0,16
2023-07-06T09:19:17,53.3851101,-6.2537293,56.4,4490.18,21.089,65535,14,16.9,S,Cloudy,0,16
2023-07-06T09:19:18,53.3851306,-6.253724,56.8,4494.37,19.292,65535,14,16.9,S,Cloudy,0,16
2023-07-06T09:19:19,53.3851631,-6.2537326,57.2,4494.37,17.633,65535,14,16.9,S,Cloudy,0,16
2023-07-06T09:19:20,53.385195,-6.2537541,57.4,4502.75,15.556,65535,14,16.9,S,Cloudy,0,16
2023-07-06T09:19:21,53.3852228,-6.2537841,57.4,4504.84,14.418,65535,14,16.9,S,Cloudy,0,16
2023-07-06T09:19:22,53.3852485,-6.2538218,57.6,4509.03,13.345,65535,14,16.9,S,Cloudy,0,16
2023-07-06T09:19:23,53.3852715,-6.2538695,57.8,4513.22,13.378,65535,14,16.9,S,Cloudy,0,16
2023-07-06T09:19:24,53.3852931,-6.2539243,57.8,4517.41,13.399,65535,14,16.9,S,Cloudy,0,16
2023-07-06T09:19:25,53.3853156,-6.2539861,57.8,4521.6,13.594,65535,14,16.9,S,Cloudy,0,16
2023-07-06T09:19:26,53.3853408,-6.2540555,57.8,4527.88,14.328,65535,14,16.9,S,Cloudy,0,16
2023-07-06T09:19:27,53.385367,-6.2541261,57.6,4534.16,15.808,65535,14,16.9,S,Cloudy,0,16
2023-07-06T09:19:28,53.385387,-6.2542026,57.6,4538.35,17.618,65535,14,16.9,S,Cloudy,0,16
2023-07-06T09:19:29,53.3854065,-6.2542695,57.6,4544.63,19.058,65535,14,16.9,S,Cloudy,0,16
2023-07-06T09:19:30,53.385429,-6.2543318,57.8,4548.82,19.465,65535,14,16.9,S,Cloudy,0,16
2023-07-06T09:19:31,53.3854438,-6.2544078,57.8,4555.1,19.148,65535,14,16.9,S,Cloudy,0,16
2023-07-06T09:19:32,53.3854566,-6.2544933,57.8,4559.29,18.742,65535,14,16.9,S,Cloudy,0,16
2023-07-06T09:19:33,53.3854588,-6.2545898,57.4,4565.57,19.08,65535,14,16.9,S,Cloudy,0,16
2023-07-06T09:19:34,53.3854508,-6.2546873,57.4,4573.95,20.282,65535,14,16.9,S,Cloudy,0,16
2023-07-06T09:19:35,53.3854493,-6.2547783,57.2,4578.14,21.632,65535,14,16.9,S,Cloudy,0,16
2023-07-06T09:19:36,53.3854605,-6.2548601,57.2,4584.42,22.41,65535,14,16.9,S,Cloudy,0,16
2023-07-06T09:19:37,53.38548,-6.2549305,57.2,4590.7,22.082,65535,14,16.9,S,Cloudy,0,16
2023-07-06T09:19:38,53.3855045,-6.2549968,57.2,4594.89,21.118,65535,14,16.9,S,Cloudy,0,16
2023-07-06T09:19:39,53.3855343,-6.2550598,57.6,4601.17,19.807,65535,14,16.9,S,Cloudy,0,16
2023-07-06T09:19:40,53.3855663,-6.2551283,57.8,4607.45,18.936,65535,14,16.9,S,Cloudy,0,16
2023-07-06T09:19:41,53.3855953,-6.2552071,58.2,4611.64,19.03,65535,14,16.9,S,Cloudy,0,16
2023-07-06T09:19:42,53.3856243,-6.2552908,58.2,4617.92,19.94,65535,14,16.9,S,Cloudy,0,16
2023-07-06T09:19:43,53.3856568,-6.2553775,58.2,4626.3,21.15,65535,14,16.9,S,Cloudy,0,16
2023-07-06T09:19:44,53.3856865,-6.255467,58.2,4632.58,22.28,65535,14,16.9,S,Cloudy,0,16
2023-07-06T09:19:45,53.3857155,-6.255551,58.2,4638.86,23.17,65535,14,16.9,S,Cloudy,0,16
2023-07-06T09:19:46,53.3857418,-6.2556255,58.2,4645.14,23.245,65535,14,16.9,S,Cloudy,0,16
2023-07-06T09:19:47,53.3857671,-6.2556933,58.0,4649.33,22.493,65535,14,16.9,S,Cloudy,0,16
2023-07-06T09:19:48,53.3857861,-6.2557635,58.0,4655.61,21.056,65535,14,16.9,S,Cloudy,0,16
2023-07-06T09:19:49,53.3858043,-6.2558331,58.2,4659.8,19.609,65535,14,16.9,S,Cloudy,0,16
2023-07-06T09:19:50,53.3858228,-6.2558955,58.2,4663.99,18.396,65535,14,16.9,S,Cloudy,0,16
2023-07-06T09:19:51,53.3858436,-6.2559616,58.4,4668.18,17.586,65535,14,16.9,S,Cloudy,0,16
2023-07-06T09:19:52,53.3858666,-6.2560333,58.4,4674.46,17.143,65535,14,16.9,S,Cloudy,0,16
2023-07-06T09:19:53,53.385894,-6.256107,58.4,4680.74,17.15,65535,14,16.9,S,Cloudy,0,16
2023-07-06T09:19:54,53.385925,-6.2561828,58.4,4684.93,17.806,65535,14,16.9,S,Cloudy,0,16
2023-07-06T09:19:55,53.3859498,-6.2562538,58.4,4691.21,19.03,65535,14,16.9,S,Cloudy,0,16
2023-07-06T09:19:56,53.3859708,-6.2563096,58.4,4695.4,20.106,65535,14,16.9,S,Cloudy,0,16
2023-07-06T09:19:57,53.3859888,-6.2563538,58.6,4699.59,20.588,65535,14,16.9,S,Cloudy,0,16
2023-07-06T09:19:58,53.385996,-6.2563993,58.6,4703.78,19.897,65535,14,16.9,S,Cloudy,0,16
2023-07-06T09:19:59,53.3859613,-6.2564125,58.8,4707.97,18.302,65535,14,16.9,S,Cloudy,0,16
2023-07-06T09:20:00,53.3859346,-6.2564241,58.8,4712.16,16.47,65535,14,16.9,S,Cloudy,0,16
2023-07-06T09:20:01,53.385916,-6.256437,59.0,4714.25,15.174,65535,14,16.9,S,Cloudy,0,16
2023-07-06T09:20:02,53.385902,-6.2564343,59.2,4716.34,14.666,65535,14,16.9,S,Cloudy,0,16
2023-07-06T09:20:03,53.3858898,-6.2564441,59.4,4720.53,13.828,65535,14,16.9,S,Cloudy,0,16
2023-07-06T09:20:04,53.3858751,-6.2564578,59.4,4722.62,12.719,65535,14,16.9,S,Cloudy,0,16
2023-07-06T09:20:05,53.385857,-6.2564735,59.6,4724.71,11.347,65535,14,16.9,S,Cloudy,0,16
2023-07-06T09:20:06,53.3858463,-6.2564913,59.6,4726.8,10.447,65535,14,16.9,S,Cloudy,0,16
2023-07-06T09:20:07,53.3858558,-6.2565303,59.8,4730.99,9.814,65535,14,16.9,S,Cloudy,0,16
2023-07-06T09:20:08,53.3858475,-6.2565845,59.8,4733.08,9.475,65535,14,16.9,S,Cloudy,0,16
2023-07-06T09:20:09,53.385818,-6.2566428,59.6,4739.36,9.421,65535,14,16.9,S,Cloudy,0,16
2023-07-06T09:20:10,53.3857768,-6.256695,59.4,4743.55,10.267,65535,14,16.9,S,Cloudy,0,16
2023-07-06T09:20:11,53.38573,-6.2567251,59.2,4749.83,12.593,65535,14,16.9,S,Cloudy,0,16
2023-07-06T09:20:12,53.3856968,-6.2567155,59.0,4754.02,15.808,65535,14,16.9,S,Cloudy,0,16
2023-07-06T09:20:13,53.38567,-6.2567023,59.0,4758.21,18.061,65535,14,16.9,S,Cloudy,0,16
2023-07-06T09:20:14,53.3856525,-6.256659,59.0,4762.4,18.144,65535,14,16.9,S,Cloudy,0,16
2023-07-06T09:20:15,53.3856298,-6.2566086,58.8,4766.59,16.848,65535,14,16.9,S,Cloudy,0,16
2023-07-06T09:20:16,53.3856058,-6.2565498,58.6,4772.87,15.865,65535,14,16.9,S,Cloudy,0,16
2023-07-06T09:20:17,53.3855818,-6.25649,58.2,4777.06,16.085,65535,14,16.9,S,Cloudy,0,16
2023-07-06T09:20:18,53.3855588,-6.2564208,58.0,4783.34,17.082,65535,14,16.9,S,Cloudy,0,16
2023-07-06T09:20:19,53.3855328,-6.2563533,58.2,4789.62,18.176,65535,14,16.9,S,Cloudy,0,16
2023-07-06T09:20:20,53.3855026,-6.2562896,58.4,4795.9,19.12,65535,14,16.9,S,Cloudy,0,16
2023-07-06T09:20:21,53.385476,-6.2562198,58.6,4800.09,20.084,65535,14,16.9,S,Cloudy,0,16
2023-07-06T09:20:22,53.3854511,-6.256153,58.8,4806.37,20.869,65535,14,16.9,S,Cloudy,0,16
2023-07-06T09:20:23,53.3854276,-6.2560846,59.0,4812.65,21.089,65535,14,16.9,S,Cloudy,0,16
2023-07-06T09:20:24,53.3854115,-6.2560323,59.0,4816.84,20.786,65535,14,16.9,S,Cloudy,0,16
2023-07-06T09:20:25,53.3853883,-6.2559756,58.8,4823.12,20.196,65535,14,16.9,S,Cloudy,0,16
2023-07-06T09:20:26,53.3853676,-6.255915,58.6,4827.31,19.519,65535,14,16.9,S,Cloudy,0,16
2023-07-06T09:20:27,53.3853465,-6.2558596,58.6,4833.59,18.749,65535,14,16.9,S,Cloudy,0,16
2023-07-06T09:20:28,53.3853265,-6.2558028,58.6,4837.78,18.018,65535,14,16.9,S,Cloudy,0,16
2023-07-06T09:20:29,53.3853051,-6.255752,58.4,4841.97,17.366,65535,14,16.9,S,Cloudy,0,16
2023-07-06T09:20:30,53.3852711,-6.2557201,58.4,4846.16,16.733,65535,14,16.9,S,Cloudy,0,16
2023-07-06T09:20:31,53.3852336,-6.2556665,58.6,4852.44,16.441,65535,14,16.9,S,Cloudy,0,16
2023-07-06T09:20:32,53.3852001,-6.255613,58.6,4856.63,16.607,65535,14,16.9,S,Cloudy,0,16
2023-07-06T09:20:33,53.3851773,-6.2555623,58.8,4860.82,17.262,65535,14,16.9,S,Cloudy,0,16
2023-07-06T09:20:34,53.385155,-6.2555281,58.8,4860.82,17.867,65535,14,16.9,S,Cloudy,0,16
2023-07-06T09:20:35,53.3851441,-6.2555243,59.0,4867.1,18.13,65535,14,16.9,S,Cloudy,0,16
2023-07-06T09:20:36,53.385148,-6.2555143,59.2,4869.19,16.931,65535,14,16.9,S,Cloudy,0,16
2023-07-06T09:20:37,53.3851523,-6.2555236,59.4,4871.28,14.756,65535,14,16.9,S,Cloudy,0,16
2023-07-06T09:20:38,53.385163,-6.2555345,59.4,4873.37,11.966,65535,14,16.9,S,Cloudy,0,16
2023-07-06T09:20:39,53.3851718,-6.2555516,59.4,4873.37,10.328,65535,14,16.9,S,Cloudy,0,16
2023-07-06T09:20:40,53.3851846,-6.2555806,59.4,4873.37,9.673,65535,14,16.9,S,Cloudy,0,16
2023-07-06T09:20:41,53.3851973,-6.2556136,59.4,4879.65,8.939,65535,14,16.9,S,Cloudy,0,16
2023-07-06T09:20:42,53.3852076,-6.2556451,59.4,4881.74,8.208,65535,14,16.9,S,Cloudy,0,16
2023-07-06T09:20:43,53.3852188,-6.2556741,59.2,4883.83,7.333,65535,14,16.9,S,Cloudy,0,16
2023-07-06T09:20:44,53.3852286,-6.2556986,59.4,4885.92,7.236,65535,14,16.9,S,Cloudy,0,16
2023-07-06T09:20:45,53.3852391,-6.2557231,59.4,4888.01,7.218,65535,14,16.9,S,Cloudy,0,16
2023-07-06T09:20:46,53.3852633,-6.2557286,59.4,4888.01,7.333,65535,14,16.9,S,Cloudy,0,16
2023-07-06T09:20:47,53.3852815,-6.255741,59.4,4894.29,7.787,65535,14,16.9,S,Cloudy,0,16
2023-07-06T09:20:48,53.3852903,-6.2557533,59.4,4896.38,8.104,65535,14,16.9,S,Cloudy,0,16
2023-07-06T09:20:49,53.3852955,-6.255762,59.4,4896.38,8.42,65535,14,16.9,S,Cloudy,0,16
2023-07-06T09:20:50,53.3852971,-6.2557665,59.4,4898.47,8.366,65535,14,16.9,S,Cloudy,0,16
2023-07-06T09:20:51,53.385298,-6.255772,59.4,4898.47,8.366,65535,14,16.9,S,Cloudy,0,16
2023-07-06T09:20:52,53.3852976,-6.2557748,59.4,4898.47,8.366,65535,14,16.9,S,Cloudy,0,16
2023-07-06T09:20:53,53.3852931,-6.2557711,59.4,4898.47,0.0,65535,14,16.9,S,Cloudy,0,16
2023-07-06T09:20:54,53.3852896,-6.2557685,59.4,4898.47,0.0,65535,14,16.9,S,Cloudy,0,16
